{
"type": "FeatureCollection",
"name": "Council_District",
"crs": { "type": "name", "properties": { "name": "urn:ogc:def:crs:OGC:1.3:CRS84" } },
"features": [
{ "type": "Feature", "properties": { "OBJECTID": 1601, "DISTRICT": "2", "REP_NAME": "Councilmember Jim Waring", "REP_URL": "https://phoenix.gov/district2", "EMAIL": "https://www.phoenix.gov/district2/contact-district-2", "IMAGE_URL": "https://www.phoenix.gov/content/dam/phoenix/mayorcouncilsite/mediaassets/Headshot_D2_Waring_2022_high_res.jpg", "C_TRACT": 2 }, "geometry": { "type": "MultiPolygon", "coordinates": [ [ [ [ -112.100157966071407, 33.813177511469895 ], [ -112.100154347930498, 33.820428114589411 ], [ -112.100154814687443, 33.820902626720503 ], [ -112.100154359020109, 33.82768333192373 ], [ -112.108835247499854, 33.827678354776197 ], [ -112.117507594593661, 33.827682816666247 ], [ -112.117517452020039, 33.820430312664953 ], [ -112.117525150522567, 33.812967921932888 ], [ -112.117622370712169, 33.81296618659978 ], [ -112.12621423494295, 33.812856210353047 ], [ -112.134907056297763, 33.81282455581006 ], [ -112.135059912730185, 33.812818736529962 ], [ -112.139220004269092, 33.812806559786083 ], [ -112.139220284558945, 33.812803008597321 ], [ -112.138885926969934, 33.81177722409943 ], [ -112.138440065836321, 33.810286510193734 ], [ -112.137970848354897, 33.808764210020307 ], [ -112.137426502985576, 33.806683422110389 ], [ -112.137176160379639, 33.805511346981227 ], [ -112.136642518824758, 33.802986552225903 ], [ -112.135639788030318, 33.798241612251559 ], [ -112.134919635943447, 33.795897839004311 ], [ -112.131585003269834, 33.779948753910638 ], [ -112.130973909515419, 33.777063264218825 ], [ -112.130461771394081, 33.774644067483649 ], [ -112.129799105859249, 33.771513718441241 ], [ -112.129311880482959, 33.769211858683335 ], [ -112.129360975184056, 33.769209629958006 ], [ -112.129321668639847, 33.76902448195586 ], [ -112.128760331189142, 33.766380184277303 ], [ -112.128219876537102, 33.76383410746498 ], [ -112.127668870248655, 33.761234578921453 ], [ -112.12715891664881, 33.758819421896114 ], [ -112.126610165679082, 33.756220400983359 ], [ -112.126280458400458, 33.754658680867053 ], [ -112.126436609022747, 33.754650585655249 ], [ -112.125998081817116, 33.752596806725307 ], [ -112.125449029714844, 33.750025351917415 ], [ -112.124885244084865, 33.747385070616872 ], [ -112.124913713922993, 33.747384994647838 ], [ -112.124736450857554, 33.746582618408524 ], [ -112.123312184063323, 33.740135175485065 ], [ -112.123344287510491, 33.740140940147299 ], [ -112.12306932080088, 33.738830723011205 ], [ -112.12182162718338, 33.732884551568823 ], [ -112.121841656542856, 33.732884999777163 ], [ -112.120309925619253, 33.725649696496468 ], [ -112.119676075109211, 33.725650173801064 ], [ -112.119461789982452, 33.725652633935724 ], [ -112.113927338710212, 33.725707460740146 ], [ -112.110476694288252, 33.725739310234069 ], [ -112.106167247951916, 33.725774480421762 ], [ -112.105225683115108, 33.725782146641386 ], [ -112.101411475654032, 33.725809542955844 ], [ -112.101088277161693, 33.725812161137945 ], [ -112.100635509185821, 33.725815829932117 ], [ -112.099812066634811, 33.725822288842977 ], [ -112.099879624167301, 33.725576764042309 ], [ -112.099666069518875, 33.72557688049698 ], [ -112.099664842620058, 33.725580445674744 ], [ -112.099575895998967, 33.7255812789315 ], [ -112.096137752105918, 33.725613491913627 ], [ -112.096131812901504, 33.725221548959098 ], [ -112.095064233224747, 33.72523226106518 ], [ -112.095586729271062, 33.725618644644754 ], [ -112.091775412196, 33.72565424181375 ], [ -112.090884556639821, 33.725663161326935 ], [ -112.089597547530943, 33.725676034429526 ], [ -112.089593520591848, 33.725563669782233 ], [ -112.089575305822933, 33.725051939160707 ], [ -112.089185955490663, 33.72507147622656 ], [ -112.089054173129128, 33.725154776176076 ], [ -112.088490283088262, 33.725153665794046 ], [ -112.088495167005107, 33.72538111899572 ], [ -112.087409593061466, 33.725391960385245 ], [ -112.087419677744734, 33.725694210861221 ], [ -112.085241813956102, 33.725715973553946 ], [ -112.085240591766961, 33.725679752830111 ], [ -112.085230121556194, 33.725337561847887 ], [ -112.083053209061831, 33.725359232337588 ], [ -112.083062196782151, 33.725679142787712 ], [ -112.083063961025431, 33.725741185449507 ], [ -112.082913018233754, 33.725741762016057 ], [ -112.082229788486401, 33.72574438126756 ], [ -112.080923083191877, 33.725745798804162 ], [ -112.075570923911798, 33.725766116955242 ], [ -112.075568067329897, 33.7256312989742 ], [ -112.075224615284682, 33.725561132279822 ], [ -112.074497143569985, 33.725603960658802 ], [ -112.074500494010238, 33.72577015220854 ], [ -112.073423638840453, 33.725782332840637 ], [ -112.06588609809188, 33.725869615932027 ], [ -112.065869394990955, 33.724935422971932 ], [ -112.065853177709428, 33.724028582059539 ], [ -112.065835560642824, 33.723043395588938 ], [ -112.065817945104769, 33.722058210759378 ], [ -112.065800330009978, 33.721073023965516 ], [ -112.065782715366154, 33.720087839715653 ], [ -112.06685832005266, 33.720098486156239 ], [ -112.06793392820326, 33.720109122323393 ], [ -112.069014654419718, 33.720119801418001 ], [ -112.070085141959353, 33.720130371066439 ], [ -112.070649625349162, 33.720135939657418 ], [ -112.071143151823634, 33.720140806383796 ], [ -112.072236353380688, 33.720151578735546 ], [ -112.0733119626736, 33.720162171670054 ], [ -112.0738054602717, 33.720167027794368 ], [ -112.074387568950272, 33.720172752535817 ], [ -112.074920104933824, 33.720178013294095 ], [ -112.075452634492137, 33.720183268157783 ], [ -112.075985168428502, 33.720188524326254 ], [ -112.076517701341174, 33.720193778199842 ], [ -112.07758276732558, 33.720204275451472 ], [ -112.078647833532173, 33.72021476441958 ], [ -112.079712899957116, 33.720225243300803 ], [ -112.080777967687453, 33.72023571660209 ], [ -112.081843034551056, 33.720246177112863 ], [ -112.082908242990328, 33.720256631854838 ], [ -112.082886955451741, 33.719762418637885 ], [ -112.082869260167215, 33.719351640261358 ], [ -112.08284914325948, 33.718884583423588 ], [ -112.082830273732853, 33.718446568278459 ], [ -112.082791295865292, 33.717541576385479 ], [ -112.082752500900796, 33.716642591870681 ], [ -112.082649839286091, 33.714257743699363 ], [ -112.08128048943216, 33.712968474716462 ], [ -112.079491867829006, 33.711220853380155 ], [ -112.079225873954641, 33.710962015455586 ], [ -112.078535723204098, 33.710314102594701 ], [ -112.078345209275255, 33.710129458984539 ], [ -112.078228011787601, 33.710021523722745 ], [ -112.078110795711126, 33.70991675861724 ], [ -112.077991408123879, 33.709813720213042 ], [ -112.077869885767228, 33.709712440014165 ], [ -112.077748455022487, 33.709614424494411 ], [ -112.077636954715402, 33.709529802734899 ], [ -112.077509253830328, 33.709433977170249 ], [ -112.077365393526861, 33.7093269792542 ], [ -112.077247949066418, 33.709247990344309 ], [ -112.07711442296231, 33.709157883069437 ], [ -112.076863884410983, 33.708997223567913 ], [ -112.076612571602027, 33.70883044046176 ], [ -112.076407525431463, 33.708701872602596 ], [ -112.073934444018576, 33.707169725803148 ], [ -112.070136340130873, 33.704813361301277 ], [ -112.069470658851827, 33.704399396032763 ], [ -112.068222611114592, 33.703600441913458 ], [ -112.065982817951436, 33.702172298346035 ], [ -112.065935405536777, 33.702139992218697 ], [ -112.065712832109426, 33.701970371230026 ], [ -112.06571243804872, 33.698336295362949 ], [ -112.065694831780618, 33.691089608117487 ], [ -112.065669543858235, 33.687234146353283 ], [ -112.065653549670685, 33.684785512404936 ], [ -112.065638241895016, 33.67293254260624 ], [ -112.065626835488132, 33.669309438924905 ], [ -112.070115170883895, 33.669275612393861 ], [ -112.070121999920431, 33.668250999003057 ], [ -112.070741000347624, 33.666392999309338 ], [ -112.073162000321332, 33.661742999354651 ], [ -112.072750000440195, 33.661584999512399 ], [ -112.074177999524892, 33.659401999261107 ], [ -112.075208000207965, 33.658616998767023 ], [ -112.077880999669233, 33.65468999905724 ], [ -112.077419167028935, 33.654691398419416 ], [ -112.076483395658741, 33.654702901526804 ], [ -112.07603753839571, 33.654708338904442 ], [ -112.074181886466249, 33.654729179753069 ], [ -112.071535180126247, 33.654760831581683 ], [ -112.069882641698626, 33.654780613922632 ], [ -112.069073987307092, 33.654790271317964 ], [ -112.067374964337915, 33.654810544502709 ], [ -112.065563888107221, 33.654832101519091 ], [ -112.065560966490764, 33.65385118089791 ], [ -112.06555820326335, 33.652952786277787 ], [ -112.065552937842753, 33.651196605804401 ], [ -112.065541913274188, 33.647566538806522 ], [ -112.06149474080361, 33.647584909627305 ], [ -112.056866739754838, 33.647604748403147 ], [ -112.05687905587034, 33.654846262656861 ], [ -112.05582628163728, 33.654855142536469 ], [ -112.054779219352213, 33.6548639619865 ], [ -112.052806623423535, 33.654880559580874 ], [ -112.051590443294074, 33.654890748186212 ], [ -112.049645041220771, 33.654907243112049 ], [ -112.048479271444961, 33.654916791448855 ], [ -112.047356652032533, 33.654924298606936 ], [ -112.046625208859183, 33.65492916777017 ], [ -112.045618296685348, 33.654935861202354 ], [ -112.042896077581361, 33.654953916153943 ], [ -112.041772059624506, 33.654961327142033 ], [ -112.039543190037577, 33.654976045311159 ], [ -112.03845869260067, 33.654982573580206 ], [ -112.038060897239944, 33.654984930474839 ], [ -112.037922116099509, 33.654985759155238 ], [ -112.037377625689103, 33.654989017754232 ], [ -112.035665014089091, 33.654999278249406 ], [ -112.035458166817236, 33.655000485247868 ], [ -112.03520822052316, 33.654998378115351 ], [ -112.032632153347862, 33.655015871173724 ], [ -112.031862885695816, 33.655021083403277 ], [ -112.030873023843967, 33.65502775716751 ], [ -112.030871949386153, 33.654181676674931 ], [ -112.030871909821514, 33.654151723187923 ], [ -112.030871819418067, 33.65411838036492 ], [ -112.030870226639749, 33.652917382469113 ], [ -112.030869399357613, 33.652293466147363 ], [ -112.030868209986295, 33.6513978141761 ], [ -112.03086554419005, 33.649387385761983 ], [ -112.030865096699557, 33.649050966900184 ], [ -112.030862157928183, 33.647108726049332 ], [ -112.03086001949886, 33.645944760790371 ], [ -112.030850793554805, 33.641032011460162 ], [ -112.030849768626169, 33.640511967796009 ], [ -112.030844769863094, 33.639923080479996 ], [ -112.030836245715662, 33.638754743939693 ], [ -112.030836237897773, 33.638696540913124 ], [ -112.030831859471547, 33.638186273389671 ], [ -112.030822778542031, 33.637002500376376 ], [ -112.030815404616817, 33.636055903705589 ], [ -112.030813438660857, 33.635801160058342 ], [ -112.030811373804326, 33.635533537880498 ], [ -112.030809725602069, 33.635317811161983 ], [ -112.030801705494852, 33.634281504548341 ], [ -112.030798748024196, 33.633900158550205 ], [ -112.030795577784872, 33.633479244546713 ], [ -112.030788125155027, 33.633393557189422 ], [ -112.03077648908814, 33.631872469134777 ], [ -112.030773362197337, 33.631462197418891 ], [ -112.030768457212716, 33.630819241121657 ], [ -112.030765615126924, 33.630446690640404 ], [ -112.03075984975132, 33.629690619005807 ], [ -112.030756684266791, 33.629275457396311 ], [ -112.030754090396925, 33.628935752812275 ], [ -112.030753467396536, 33.628853993999023 ], [ -112.03075287414363, 33.628770270407202 ], [ -112.030741015090058, 33.627221165460902 ], [ -112.030737093526483, 33.626700771650214 ], [ -112.030733823703656, 33.626278211687996 ], [ -112.030107523627748, 33.62628160727089 ], [ -112.030066471161945, 33.62628182705685 ], [ -112.029793971517051, 33.626283291166509 ], [ -112.029368349644358, 33.626285575969575 ], [ -112.027758746249191, 33.626294205974027 ], [ -112.025332650770451, 33.626307145419062 ], [ -112.025333178025633, 33.626316741488402 ], [ -112.025087000345223, 33.626327000402561 ], [ -112.024813392349699, 33.626409482679321 ], [ -112.02455304730745, 33.626540026512536 ], [ -112.024066045780231, 33.62690502662273 ], [ -112.024040821732228, 33.626886569587604 ], [ -112.024027755487779, 33.626878281008196 ], [ -112.023988443063431, 33.626853855377924 ], [ -112.023948654831457, 33.626829896313986 ], [ -112.023894944851108, 33.626798727789208 ], [ -112.023854133060425, 33.626775916513211 ], [ -112.023812967344554, 33.626753642027147 ], [ -112.023785350043397, 33.626739107497684 ], [ -112.023757515280238, 33.626724777830646 ], [ -112.023715402578617, 33.62670369073679 ], [ -112.023658779905901, 33.626676462246529 ], [ -112.023601428669636, 33.626650125215562 ], [ -112.02354351174543, 33.626624778686349 ], [ -112.023470327565022, 33.626594487001519 ], [ -112.023396216189411, 33.626565699166342 ], [ -112.023336327930394, 33.626543788722834 ], [ -112.023275882579185, 33.626522852540006 ], [ -112.023199703650448, 33.626498136532113 ], [ -112.023122813195158, 33.626475015251934 ], [ -112.02306081811507, 33.626457674376212 ], [ -112.022982768311323, 33.626437459204617 ], [ -112.022919952723896, 33.626422487665081 ], [ -112.022872579414397, 33.626411928257355 ], [ -112.022825025763666, 33.626401959583738 ], [ -112.02277729608987, 33.626392587952026 ], [ -112.022713410133363, 33.626381020149218 ], [ -112.022600989098677, 33.6263633489759 ], [ -112.022536394302008, 33.626354697707448 ], [ -112.022439265405978, 33.626343811929445 ], [ -112.022357969040016, 33.626336546298688 ], [ -112.022276530359591, 33.626331003837983 ], [ -112.022211278302407, 33.626327791867794 ], [ -112.022129623483522, 33.626325305273234 ], [ -112.022064265556267, 33.626324542266595 ], [ -112.020976073737828, 33.626324533396257 ], [ -112.019885745582954, 33.626324488782366 ], [ -112.01944966755778, 33.626324466938811 ], [ -112.018586039373446, 33.626324423333493 ], [ -112.017706118504222, 33.626324342826933 ], [ -112.016633199552643, 33.626324268840428 ], [ -112.015942711288915, 33.626324218192096 ], [ -112.006684878994264, 33.626318421580251 ], [ -112.00729908217167, 33.624948518606026 ], [ -112.007602624019569, 33.624215868922406 ], [ -112.007890867551552, 33.623478923290932 ], [ -112.008163641925833, 33.622737851458275 ], [ -112.008420852898965, 33.621992882620702 ], [ -112.008662523767029, 33.621244294572506 ], [ -112.008888575394579, 33.620492318291426 ], [ -112.009098849918985, 33.619737128904696 ], [ -112.00929090849219, 33.618982482899625 ], [ -112.008800986079621, 33.619012525686657 ], [ -112.008516368351067, 33.619052887226033 ], [ -112.008484535271407, 33.619057346208244 ], [ -112.008452721463669, 33.619061687950051 ], [ -112.008420835261958, 33.619065858418722 ], [ -112.008372907569438, 33.619071822486873 ], [ -112.008340958472559, 33.619075635917604 ], [ -112.008292987117059, 33.619081087834758 ], [ -112.008261021498782, 33.61908457214507 ], [ -112.008228993187231, 33.61908788517492 ], [ -112.00819689463745, 33.619091026028244 ], [ -112.008164820750608, 33.619094050538649 ], [ -112.008132729467007, 33.619096932588704 ], [ -112.008100621860748, 33.619099668570868 ], [ -112.008068496858044, 33.619102262092582 ], [ -112.008036401908569, 33.619104740169163 ], [ -112.008004198971108, 33.619107018144895 ], [ -112.007972073535754, 33.619109206789091 ], [ -112.007939843346975, 33.619111196231614 ], [ -112.007907691739291, 33.619113097243471 ], [ -112.007875481748343, 33.619114824266404 ], [ -112.007843217687238, 33.619116379100575 ], [ -112.007810986913697, 33.619117818487162 ], [ -112.007778795893401, 33.619119141519747 ], [ -112.007746505509488, 33.619120265346588 ], [ -112.007714251643037, 33.619121270116764 ], [ -112.007682039686728, 33.619122159433076 ], [ -112.00764977473807, 33.619122875658036 ], [ -112.007633596914658, 33.619123154453156 ], [ -112.00712927508502, 33.619128097625612 ], [ -112.006663178061913, 33.619134343614085 ], [ -112.006614147276423, 33.619134741752724 ], [ -112.006565207831414, 33.619134881925994 ], [ -112.006532502275647, 33.619134759620351 ], [ -112.006499846183232, 33.619134528167265 ], [ -112.006450862852887, 33.619133920837101 ], [ -112.006418212870372, 33.619133344917493 ], [ -112.006369288312968, 33.61913225060696 ], [ -112.006336601304255, 33.619131304103497 ], [ -112.006303968070796, 33.619130248449537 ], [ -112.006255075103468, 33.619128433631168 ], [ -112.006206155923394, 33.619126281585331 ], [ -112.006173508085055, 33.619124647932722 ], [ -112.006124625021513, 33.619121981872738 ], [ -112.006075767508477, 33.619119007401508 ], [ -112.006026936625119, 33.619115725419967 ], [ -112.005978183052292, 33.61911216113846 ], [ -112.005311037392488, 33.61905877127483 ], [ -112.00524750440799, 33.619053871994353 ], [ -112.005168041999966, 33.619048691034827 ], [ -112.005104371503407, 33.619045262414055 ], [ -112.005056589431348, 33.619043117215554 ], [ -112.005008738733437, 33.619041312881421 ], [ -112.004960914307162, 33.619039904346138 ], [ -112.004913077327117, 33.619038866390497 ], [ -112.004881182981805, 33.619038377890327 ], [ -112.004849282335627, 33.619038051688257 ], [ -112.004817428228435, 33.619037917501942 ], [ -112.0048014332978, 33.61903787119266 ], [ -112.004634265632149, 33.619039930601389 ], [ -112.00378625223702, 33.619050622356397 ], [ -112.002991408719822, 33.619060609370834 ], [ -112.002123914774117, 33.619071507102348 ], [ -112.000313266864339, 33.619094230867162 ], [ -111.997414464481068, 33.619130533652147 ], [ -111.996591351430595, 33.619140865876489 ], [ -111.995981573323348, 33.619148497051142 ], [ -111.995954238484018, 33.615510890252985 ], [ -111.995947609764471, 33.614628364162705 ], [ -111.995941909648579, 33.613870058774744 ], [ -111.995936915856376, 33.613205121570573 ], [ -111.995926875602294, 33.611875109023735 ], [ -111.994941744647164, 33.61185679204366 ], [ -111.994656791336311, 33.611851459163347 ], [ -111.993520339825025, 33.611830315555132 ], [ -111.992271873955218, 33.611807045251489 ], [ -111.991603494219561, 33.611794581392125 ], [ -111.990923305487101, 33.611781893787622 ], [ -111.990528540659753, 33.611774530782839 ], [ -111.990014488970516, 33.611764937123624 ], [ -111.989443499452307, 33.611754281103053 ], [ -111.98881293830226, 33.611742508466385 ], [ -111.98778957861839, 33.611723395799991 ], [ -111.986579252454874, 33.611700752121692 ], [ -111.977859980837565, 33.611540029175167 ], [ -111.977884000025824, 33.604982998864699 ], [ -111.977153000423371, 33.604927998928453 ], [ -111.976552000250095, 33.60469999877818 ], [ -111.976250999771963, 33.604484998961013 ], [ -111.975987999650656, 33.604207998760771 ], [ -111.97527199975319, 33.60431199884507 ], [ -111.973560999971326, 33.604325999000878 ], [ -111.960571636792451, 33.604355403253422 ], [ -111.960574004703759, 33.603888667063025 ], [ -111.960576166620456, 33.60346200965769 ], [ -111.960580686217725, 33.602569853942214 ], [ -111.960594385627786, 33.599867802607875 ], [ -111.960603234510245, 33.598121882716299 ], [ -111.960608080090992, 33.597165987234185 ], [ -111.960598884450931, 33.59555420698522 ], [ -111.960590366112697, 33.594045042756193 ], [ -111.960583627001895, 33.592865587989031 ], [ -111.960568254955305, 33.589078691053217 ], [ -111.960579090958873, 33.582653256504067 ], [ -111.960578413001826, 33.577521997238151 ], [ -111.960578145041438, 33.575488807840166 ], [ -111.956447752410995, 33.57535940430212 ], [ -111.947784461285096, 33.575094118928135 ], [ -111.943512868115292, 33.574951535061821 ], [ -111.943504261097928, 33.582148707323839 ], [ -111.943430907243766, 33.587644618457531 ], [ -111.943418990636914, 33.589411135276798 ], [ -111.945468223680095, 33.589457721420374 ], [ -111.947553997511207, 33.589504981348767 ], [ -111.952106143258362, 33.589607521472075 ], [ -111.952100203193964, 33.59012296574366 ], [ -111.952099754141571, 33.590687474289041 ], [ -111.952095265778894, 33.594970422340396 ], [ -111.952094104573348, 33.597095263448388 ], [ -111.943115725644432, 33.59689764737459 ], [ -111.941803347364427, 33.596889953702913 ], [ -111.938971102989157, 33.596877489030902 ], [ -111.938980903731661, 33.598973772171398 ], [ -111.938968434219376, 33.600406968655264 ], [ -111.934590467720327, 33.600387702718422 ], [ -111.93462335661043, 33.596856537124395 ], [ -111.932454331081885, 33.596845352700008 ], [ -111.926082873414657, 33.596816031571954 ], [ -111.926031395292952, 33.600886620066071 ], [ -111.926023102457322, 33.601832543209554 ], [ -111.926007970565564, 33.604020555476751 ], [ -111.926007220626246, 33.604100919513193 ], [ -111.925940210770534, 33.611293195804365 ], [ -111.925901731843737, 33.618516131208764 ], [ -111.925831370189883, 33.62132538353103 ], [ -111.925795264646027, 33.622766916695788 ], [ -111.925719730052222, 33.625782117470372 ], [ -111.925684431277091, 33.62784362116362 ], [ -111.925595521124706, 33.633039249832308 ], [ -111.92555072027092, 33.636659776252834 ], [ -111.925530582414297, 33.638171927360439 ], [ -111.925517199266963, 33.639258050063077 ], [ -111.925509454358149, 33.640149177027503 ], [ -111.925573463408512, 33.640493374801217 ], [ -111.925579467896952, 33.640534561037029 ], [ -111.925541809664651, 33.641628975965617 ], [ -111.925577815496197, 33.647934621991389 ], [ -111.925552679446739, 33.655216702813398 ], [ -111.925555830248385, 33.662433927543745 ], [ -111.925565306693031, 33.669695667833608 ], [ -111.925570318166194, 33.676950092774774 ], [ -111.925576318804602, 33.684206621722126 ], [ -111.925571940888034, 33.691454390403919 ], [ -111.925573856878799, 33.698775618728391 ], [ -111.925572631016649, 33.706005931872539 ], [ -111.925573042105185, 33.713270348153479 ], [ -111.925573131219039, 33.720539012648032 ], [ -111.925573427413269, 33.726530632878664 ], [ -111.934378562547451, 33.726510133237603 ], [ -111.942690996215845, 33.726478235685661 ], [ -111.94340202716441, 33.726500731740416 ], [ -111.951397708674079, 33.726458288049038 ], [ -111.952069333188547, 33.726467378147156 ], [ -111.960043421704057, 33.726432913321979 ], [ -111.960737043017545, 33.726433417935823 ], [ -111.960918807028435, 33.726433108590001 ], [ -111.960899397118567, 33.733867794557547 ], [ -111.960900341983816, 33.741125973484316 ], [ -111.969434706382543, 33.74111273626324 ], [ -111.977173785523519, 33.741096882288524 ], [ -111.978153031139385, 33.740279745926458 ], [ -111.978152735931886, 33.740908236834862 ], [ -111.984682693225309, 33.740878533596948 ], [ -111.984681396542101, 33.740019129539675 ], [ -111.98468008501105, 33.739149064149771 ], [ -111.984678773522802, 33.7382789995387 ], [ -111.984677495659511, 33.737443288019719 ], [ -111.983588980187804, 33.737446801431425 ], [ -111.982500461375068, 33.737450307954333 ], [ -111.982496048529327, 33.734730299993991 ], [ -111.982494411759134, 33.734072244058687 ], [ -111.982493795012559, 33.73382423824274 ], [ -111.98249231968191, 33.733744982194359 ], [ -111.982492614627716, 33.732917249781025 ], [ -111.982492935857337, 33.73201086539968 ], [ -111.983070045853481, 33.732009387870121 ], [ -111.982957532982695, 33.731372726316266 ], [ -111.982948907268224, 33.731152295671784 ], [ -111.982937899244334, 33.731158404920286 ], [ -111.982929699300243, 33.731163284599361 ], [ -111.982920707889576, 33.731168984312006 ], [ -111.982909977046631, 33.731176294421211 ], [ -111.982899648961507, 33.731183912681402 ], [ -111.982887315402508, 33.731193805102521 ], [ -111.982880293334148, 33.731199373917008 ], [ -111.982870980177182, 33.731206280220377 ], [ -111.982864106417395, 33.731211051886454 ], [ -111.982854940381429, 33.731217020382729 ], [ -111.982848088834899, 33.73122120956328 ], [ -111.982841420492633, 33.731225072244101 ], [ -111.98283517700753, 33.731228508211487 ], [ -111.982828525634346, 33.731231984971814 ], [ -111.982822272182645, 33.731235090936131 ], [ -111.982815268867128, 33.73123838755216 ], [ -111.982807340881308, 33.731241895651607 ], [ -111.982797847349488, 33.731245797712958 ], [ -111.982786421356124, 33.731250088522323 ], [ -111.982777633980675, 33.731253096658371 ], [ -111.982768295098637, 33.731256026644523 ], [ -111.982757035519143, 33.731259206516256 ], [ -111.98274717613694, 33.731261682342449 ], [ -111.982733168935994, 33.731264729334804 ], [ -111.982719843258351, 33.731267124962073 ], [ -111.982712644000316, 33.731268217116977 ], [ -111.9827008629765, 33.731269712960454 ], [ -111.98268150321087, 33.731271385973301 ], [ -111.982617991360243, 33.731272038447798 ], [ -111.982493200280345, 33.731271747972805 ], [ -111.982493582817611, 33.730195473303667 ], [ -111.98249293301842, 33.729232756874659 ], [ -111.982492828053253, 33.729086796966655 ], [ -111.98249234827955, 33.728380656034133 ], [ -111.983584714837917, 33.728379612711002 ], [ -111.984673947355617, 33.728376877148676 ], [ -111.985167320846841, 33.728375636988183 ], [ -111.98684187891557, 33.728371403927305 ], [ -111.986844536109814, 33.730185538628923 ], [ -111.987932095354424, 33.73018334421306 ], [ -111.988475877104918, 33.730182240256418 ], [ -111.989019654522693, 33.730181136612835 ], [ -111.990107216857496, 33.730178923039659 ], [ -111.991194775877446, 33.73017669628404 ], [ -111.992636696914232, 33.730173732123646 ], [ -111.995545014446449, 33.73016770069593 ], [ -111.995546717397218, 33.733794456276179 ], [ -111.995550917519168, 33.741046324017773 ], [ -111.995558923480431, 33.744667770123947 ], [ -111.993792203453708, 33.744671805039964 ], [ -111.993792724650547, 33.745015336608617 ], [ -111.993381503439792, 33.74501627175092 ], [ -111.993383748227856, 33.746485254001435 ], [ -111.991205113734395, 33.746490105891766 ], [ -111.99120593306867, 33.748235609213523 ], [ -111.991125432278409, 33.748235938205127 ], [ -111.991125340354913, 33.748235732682531 ], [ -111.991124520240774, 33.747396682607359 ], [ -111.991123635117859, 33.746491111715137 ], [ -111.990105678332824, 33.746494079250787 ], [ -111.990105384300662, 33.747400217100612 ], [ -111.990528977229459, 33.74739874987592 ], [ -111.990530680212629, 33.748238211488648 ], [ -111.990530637162578, 33.748238356681341 ], [ -111.989094684034256, 33.748244187288066 ], [ -111.986959334998787, 33.748248070590947 ], [ -111.986961248649067, 33.745594188074854 ], [ -111.988045511202742, 33.745591290207607 ], [ -111.989030219107462, 33.745589213929264 ], [ -111.989029943550875, 33.744681490123838 ], [ -111.989029781251929, 33.744214484256482 ], [ -111.989029629078019, 33.743774950085445 ], [ -111.989029473559043, 33.743323714157412 ], [ -111.990117015147433, 33.743321651870843 ], [ -111.990118777033047, 33.743775489024813 ], [ -111.990117567038226, 33.744212215334088 ], [ -111.991201785625421, 33.744209943489835 ], [ -111.991202123756551, 33.743771086179066 ], [ -111.991202472614944, 33.743318426238325 ], [ -111.991202821057925, 33.742866532674597 ], [ -111.991204127540598, 33.741158925083589 ], [ -111.987944296568585, 33.741163531455847 ], [ -111.987400188378004, 33.741164292479553 ], [ -111.987399020580568, 33.741961114493108 ], [ -111.986954084784458, 33.741961632764188 ], [ -111.986955025376915, 33.741058516091613 ], [ -111.986860376442252, 33.741058650182708 ], [ -111.978151822989801, 33.741095984373075 ], [ -111.978153006643893, 33.741246818739064 ], [ -111.977062053950959, 33.74124818761252 ], [ -111.975975294637578, 33.741250189518965 ], [ -111.969433131650717, 33.741264209373121 ], [ -111.969433160824025, 33.741220196669651 ], [ -111.967361931318464, 33.741223359163094 ], [ -111.967361402731541, 33.742031053036577 ], [ -111.967360159708235, 33.743838719293279 ], [ -111.969432342821065, 33.743834308494591 ], [ -111.969430261500918, 33.755632616596657 ], [ -111.96506678817363, 33.75563745480526 ], [ -111.965067749770668, 33.752008338423714 ], [ -111.960706009833018, 33.752013401328284 ], [ -111.960703314167603, 33.75564213607479 ], [ -111.960705635704358, 33.762903148030027 ], [ -111.96071551985797, 33.770163631180786 ], [ -111.951999527539471, 33.770182068823758 ], [ -111.943283616750179, 33.770201432762128 ], [ -111.943279354511688, 33.777458221813994 ], [ -111.943275921710068, 33.78459767995701 ], [ -111.951697276113791, 33.784579930228723 ], [ -111.951847137634189, 33.784579624311434 ], [ -111.952663175887125, 33.78457808336654 ], [ -111.952691659261603, 33.784577846936067 ], [ -111.952714757477665, 33.784577373134283 ], [ -111.952739641580521, 33.784576579620946 ], [ -111.952770919031707, 33.784575163894964 ], [ -111.952804643084946, 33.784573111779174 ], [ -111.952841024249096, 33.784570292470299 ], [ -111.952880050581143, 33.784566554491732 ], [ -111.952910944899443, 33.78456307135243 ], [ -111.952947716134318, 33.784558316950289 ], [ -111.952974337446094, 33.784554461767094 ], [ -111.953007166047769, 33.784549217106353 ], [ -111.953049015590324, 33.784541745399657 ], [ -111.953090340001253, 33.78453348849402 ], [ -111.953127630221076, 33.784525276947612 ], [ -111.95316831362895, 33.784515475673743 ], [ -111.953202495814395, 33.784506553619863 ], [ -111.953236092527803, 33.784497152952305 ], [ -111.953269606910311, 33.784487147290839 ], [ -111.953308422172867, 33.784474749764335 ], [ -111.953348385797099, 33.784461054405632 ], [ -111.95338352190771, 33.784448211630874 ], [ -111.953417652539926, 33.784434999467841 ], [ -111.953454939656197, 33.784419702634352 ], [ -111.953485566241042, 33.78440644731608 ], [ -111.953523615874147, 33.784389074629097 ], [ -111.953554675798941, 33.784374128564892 ], [ -111.953583909838969, 33.784359405747367 ], [ -111.9536266637067, 33.784338391647935 ], [ -111.953661115459809, 33.784318800126321 ], [ -111.953734490640514, 33.784272574702726 ], [ -111.954524908349924, 33.783765394748769 ], [ -111.954527960559332, 33.78376200720345 ], [ -111.954569547631849, 33.783735922236644 ], [ -111.954591389600935, 33.783722762210843 ], [ -111.95462114147081, 33.783705411570011 ], [ -111.954652373668196, 33.783687885545554 ], [ -111.954682395970792, 33.783671678102714 ], [ -111.954707426629184, 33.783658632485448 ], [ -111.95473947683459, 33.783642526290265 ], [ -111.954770385119858, 33.783627612424716 ], [ -111.954800553056401, 33.78361362297457 ], [ -111.954833989169728, 33.783598756099437 ], [ -111.954868629322789, 33.783584039418528 ], [ -111.954894178320899, 33.783573618314868 ], [ -111.954930769852055, 33.783559324788889 ], [ -111.954965059914997, 33.783546583711285 ], [ -111.954998727292491, 33.78353467955165 ], [ -111.955028100079645, 33.783524765764682 ], [ -111.955070745261366, 33.783511148358158 ], [ -111.955101442172321, 33.783501902266551 ], [ -111.955139931272285, 33.783490952318672 ], [ -111.955168743503421, 33.783483215263516 ], [ -111.955204123632129, 33.783474241787545 ], [ -111.955236031717618, 33.783466647112618 ], [ -111.955276967385075, 33.783457572697337 ], [ -111.95530305845827, 33.783452183465201 ], [ -111.955349470983919, 33.78344333362589 ], [ -111.955388916449806, 33.78343655254443 ], [ -111.95543068903568, 33.783430097117773 ], [ -111.955462882482124, 33.783425626522543 ], [ -111.955502950724537, 33.783420675564606 ], [ -111.95553714539183, 33.783416979741823 ], [ -111.955576974476926, 33.783413283936326 ], [ -111.955613689795953, 33.783410458294348 ], [ -111.955656379777579, 33.783407866986963 ], [ -111.955691229763033, 33.783406306028944 ], [ -111.955731185234754, 33.783405123040943 ], [ -111.955779319425829, 33.783404557785218 ], [ -111.956950112775047, 33.783402559962184 ], [ -111.956995087870027, 33.783402894211633 ], [ -111.957030790925046, 33.783403742715272 ], [ -111.957062980467498, 33.783404954823361 ], [ -111.957104496740413, 33.783407140357369 ], [ -111.957147528370058, 33.783410152196161 ], [ -111.957174257834325, 33.783412404770672 ], [ -111.957203576934177, 33.783415214611964 ], [ -111.957238005038519, 33.7834189713057 ], [ -111.95726482353048, 33.783422238191029 ], [ -111.957313860659468, 33.783428999774429 ], [ -111.957364358292267, 33.783437029482528 ], [ -111.95739074659906, 33.78344166248678 ], [ -111.957432067983689, 33.783449525684425 ], [ -111.957466439394452, 33.783456640089227 ], [ -111.95750330136616, 33.783464859086969 ], [ -111.957538008091348, 33.78347315813302 ], [ -111.957571152414317, 33.783481603755042 ], [ -111.957606527081751, 33.783491182907781 ], [ -111.957640797243485, 33.783501030208079 ], [ -111.957674992086652, 33.783511423023967 ], [ -111.957711503763377, 33.783523160326155 ], [ -111.957789048986413, 33.783550339185403 ], [ -111.957846122980555, 33.783572374586583 ], [ -111.957918598078379, 33.783602976829393 ], [ -111.957982119947886, 33.78363233684459 ], [ -111.958032011425104, 33.783657158868699 ], [ -111.958091604046331, 33.783688958214185 ], [ -111.958144055091026, 33.783719000806308 ], [ -111.958203302329352, 33.783755422087097 ], [ -111.958999368125191, 33.784263207780029 ], [ -111.959029877955444, 33.784282231203626 ], [ -111.959061289291043, 33.784300941436342 ], [ -111.959082830139991, 33.78431327946619 ], [ -111.959172886510217, 33.784360798047878 ], [ -111.959256185371245, 33.784399362777236 ], [ -111.959302210238491, 33.784418623321827 ], [ -111.959347592912849, 33.7844362674076 ], [ -111.95938263391777, 33.784449010064982 ], [ -111.959457509985967, 33.784473762446986 ], [ -111.959522449908931, 33.784492612407909 ], [ -111.959615957485752, 33.78451568655688 ], [ -111.959675397907006, 33.784527953579925 ], [ -111.959725485443272, 33.784536881410872 ], [ -111.959778394123731, 33.78454494535405 ], [ -111.959867394802572, 33.784555398647491 ], [ -111.95994439428695, 33.784561346920121 ], [ -111.960071979977201, 33.784564973637963 ], [ -111.960730793346116, 33.784564077423845 ], [ -111.960731347587014, 33.784689042712152 ], [ -111.960733615182463, 33.791955342904991 ], [ -111.966194094800926, 33.791948498498343 ], [ -111.966193740409082, 33.791042333998845 ], [ -111.965648803063189, 33.791042018658146 ], [ -111.965107974740746, 33.791041703805803 ], [ -111.964564360275915, 33.791041385861156 ], [ -111.96401699423609, 33.791041061551304 ], [ -111.96401701322408, 33.790871536548323 ], [ -111.963016494377996, 33.790874276975131 ], [ -111.963015785638689, 33.790218328095136 ], [ -111.963013443603103, 33.788320733360692 ], [ -111.96510112885673, 33.78831954923912 ], [ -111.966185023581787, 33.788318770076266 ], [ -111.967284598003545, 33.788318103897168 ], [ -111.968368187601172, 33.788323591100294 ], [ -111.968370148229923, 33.789176320694516 ], [ -111.968372161685124, 33.790052174819316 ], [ -111.96837216004171, 33.790218313228877 ], [ -111.96837542389919, 33.791043565975407 ], [ -111.968658216425666, 33.791043724846311 ], [ -111.968904370408907, 33.791047960528154 ], [ -111.968470400424579, 33.791736293224297 ], [ -111.968537762371682, 33.791833752419826 ], [ -111.968826240420938, 33.791832850876318 ], [ -111.968826290418548, 33.791915297896196 ], [ -111.969470509236373, 33.791913350409423 ], [ -111.969467613565769, 33.790149932372891 ], [ -111.969550956184747, 33.790019976732566 ], [ -111.970120624622567, 33.789096730700841 ], [ -111.970598830809053, 33.788313695493571 ], [ -111.977947134946021, 33.788306467077817 ], [ -111.977955891111876, 33.791938695703728 ], [ -111.97802072135741, 33.79193857782618 ], [ -111.97802454601468, 33.795130562012794 ], [ -111.977255312584134, 33.795130436340706 ], [ -111.97725534743482, 33.795179904519109 ], [ -111.977090759529304, 33.795179985235514 ], [ -111.976412664214564, 33.795180307353114 ], [ -111.975644047319662, 33.795180669048385 ], [ -111.975644203525079, 33.79541317237512 ], [ -111.975479615168297, 33.795413250942701 ], [ -111.975233507497094, 33.795413364407985 ], [ -111.974882658242109, 33.795413525046072 ], [ -111.974344527531684, 33.795413772380968 ], [ -111.974344602185738, 33.795529915846366 ], [ -111.973839897086577, 33.795529447471836 ], [ -111.973163174959055, 33.795529929622127 ], [ -111.972545973579884, 33.795530452347649 ], [ -111.972546278838252, 33.795782519630436 ], [ -111.972381693054032, 33.795782668901609 ], [ -111.972380773232373, 33.795774803311794 ], [ -111.972377746168391, 33.795766565389904 ], [ -111.972366578177258, 33.795753027631093 ], [ -111.972349962691624, 33.795744210670762 ], [ -111.972330276533015, 33.795741523616933 ], [ -111.971722852771464, 33.795762465623881 ], [ -111.971762721607377, 33.796187211192482 ], [ -111.971825843798854, 33.796859651514836 ], [ -111.971826559404249, 33.797369162465081 ], [ -111.97182717173267, 33.797877595946574 ], [ -111.971827768864259, 33.79837242258008 ], [ -111.971827932611987, 33.798509836797741 ], [ -111.97161518196701, 33.79851927915194 ], [ -111.971615532779055, 33.799058127139432 ], [ -111.973844746189258, 33.799063990107172 ], [ -111.978212108258319, 33.799060816625335 ], [ -111.982008453182999, 33.799041000850352 ], [ -111.98691140084722, 33.799015232505297 ], [ -111.991229711926465, 33.79900281067971 ], [ -111.991235882703151, 33.795503941743249 ], [ -111.995584011614156, 33.795484720670821 ], [ -111.995585874701348, 33.798838793000151 ], [ -112.004268871903946, 33.798937585804765 ], [ -112.013001526193278, 33.798927456719781 ], [ -112.021702898480925, 33.798918079602579 ], [ -112.030405483521392, 33.798909143491812 ], [ -112.039206122320508, 33.798871615322625 ], [ -112.048013596901058, 33.798835207604746 ], [ -112.047997870823892, 33.791833111814931 ], [ -112.047961549562118, 33.784605324822643 ], [ -112.056653626367449, 33.784499537821276 ], [ -112.065306102346, 33.784465160641545 ], [ -112.067491407701567, 33.784444620171818 ], [ -112.067485012252931, 33.788128262339221 ], [ -112.074175311393802, 33.788070201765066 ], [ -112.074172181129995, 33.789957606671145 ], [ -112.07562227230548, 33.789942761506488 ], [ -112.076426622420513, 33.790585157832403 ], [ -112.078168633543825, 33.790734611650521 ], [ -112.07818747124378, 33.791761702343635 ], [ -112.082693519814967, 33.791715366047633 ], [ -112.082676059954323, 33.799081327964053 ], [ -112.08275582637215, 33.806353856656798 ], [ -112.091523406931671, 33.805913762244842 ], [ -112.096070189525705, 33.805682063128451 ], [ -112.100168744942735, 33.805472838999677 ], [ -112.100157966071407, 33.813177511469895 ] ], [ [ -111.93101603823699, 33.653366215314449 ], [ -111.930050816731693, 33.653366232508134 ], [ -111.929888364737835, 33.6533188644094 ], [ -111.929894616740881, 33.65330250019354 ], [ -111.92990308477907, 33.653281601230482 ], [ -111.929911984103526, 33.65326083115972 ], [ -111.929921317948669, 33.65324019088245 ], [ -111.929931080925286, 33.653219693022585 ], [ -111.929941271955357, 33.653199340285163 ], [ -111.92995188349235, 33.653179138982566 ], [ -111.929962916615054, 33.653159094524632 ], [ -111.929983180735391, 33.653122892007019 ], [ -111.930011173334847, 33.653080623102817 ], [ -111.930144000349259, 33.65288854078338 ], [ -111.93015833574016, 33.65286791887678 ], [ -111.930190135642675, 33.652821626253122 ], [ -111.930204950464329, 33.652798876341869 ], [ -111.930219284381053, 33.652775915490182 ], [ -111.930233138472147, 33.652752749108103 ], [ -111.930246507348201, 33.652729384409788 ], [ -111.930259388854466, 33.652705829510687 ], [ -111.930271774366133, 33.652682086215215 ], [ -111.930283660651341, 33.65265816895063 ], [ -111.930305930155569, 33.652609829647147 ], [ -111.93032616934714, 33.652560872016409 ], [ -111.930345215332025, 33.652514110086052 ], [ -111.931015880422692, 33.652512706803137 ], [ -111.93101603823699, 33.653366215314449 ] ], [ [ -111.98902931686608, 33.742869787647081 ], [ -111.988486514695822, 33.742870594176452 ], [ -111.987943709272329, 33.742871397419734 ], [ -111.987944021073801, 33.741960473778214 ], [ -111.989029002279267, 33.741959197090196 ], [ -111.98902931686608, 33.742869787647081 ] ], [ [ -111.928217534321618, 33.653330439763806 ], [ -111.925642778303924, 33.653316818256044 ], [ -111.925645097404455, 33.652745172309103 ], [ -111.926228502086474, 33.652748261875324 ], [ -111.926229457834879, 33.652713693489083 ], [ -111.926270104858716, 33.652713907641406 ], [ -111.926270413496255, 33.65276497382758 ], [ -111.926471262746688, 33.652766038265739 ], [ -111.92647165790514, 33.652713823293766 ], [ -111.926703891501631, 33.652715046260312 ], [ -111.926703478325223, 33.652861615828371 ], [ -111.92678671969523, 33.652862067993681 ], [ -111.926786910763354, 33.65283641269685 ], [ -111.92767897735267, 33.652841127039984 ], [ -111.927687848688009, 33.65166644643466 ], [ -111.928230124896572, 33.651666778311984 ], [ -111.928217534321618, 33.653330439763806 ] ], [ [ -112.033486831024504, 33.701869243403806 ], [ -112.031329647395339, 33.70185193628636 ], [ -112.031319988282817, 33.700439967463808 ], [ -112.03347466422575, 33.700464549091372 ], [ -112.033476063459062, 33.700626415495933 ], [ -112.033483923751092, 33.70153612262871 ], [ -112.033486831024504, 33.701869243403806 ] ], [ [ -111.995585317479083, 33.779152432871278 ], [ -111.995582371065865, 33.780120502152634 ], [ -111.995585509497914, 33.780968873829117 ], [ -111.995404496798727, 33.780969488973774 ], [ -111.993404912408366, 33.780976706742358 ], [ -111.993404937251341, 33.780159440969932 ], [ -111.993404965634227, 33.779162083328245 ], [ -111.995585317479083, 33.779152432871278 ] ], [ [ -111.984698836126995, 33.783371993159271 ], [ -111.984257688886515, 33.783381851712697 ], [ -111.983614255979901, 33.783384203240253 ], [ -111.983145505697522, 33.783385915535874 ], [ -111.983143623425931, 33.784562426577224 ], [ -111.983144996160632, 33.784652234962671 ], [ -111.982527235265408, 33.784654831179218 ], [ -111.978186273808419, 33.784670776854213 ], [ -111.978185112085953, 33.782861785739925 ], [ -111.977098788543856, 33.782862299982156 ], [ -111.977097662190275, 33.78118476754733 ], [ -111.977097566211839, 33.781043492042308 ], [ -111.978184823044941, 33.781039359926403 ], [ -111.97836982977276, 33.78104126291796 ], [ -111.982522416243611, 33.781015319361607 ], [ -111.982520579024225, 33.781934517951996 ], [ -111.98252177076445, 33.782834161540968 ], [ -111.984695587061253, 33.782825796111595 ], [ -111.984698836126995, 33.783371993159271 ] ], [ [ -111.986982258134276, 33.773662724686965 ], [ -111.989141101851231, 33.773653659372933 ], [ -111.991234130037611, 33.773644835918866 ], [ -111.992256208137121, 33.77364051466278 ], [ -111.995584722829093, 33.773629268524267 ], [ -111.995584739130734, 33.773765980040608 ], [ -111.995587614343762, 33.777397240928359 ], [ -111.995587622565424, 33.777481559071816 ], [ -111.995585219883282, 33.778245390203033 ], [ -111.993404995754275, 33.778255040562186 ], [ -111.993405020770979, 33.77743064775747 ], [ -111.991224291133321, 33.777440258988804 ], [ -111.991224437184655, 33.777886760534763 ], [ -111.991224593149425, 33.778347189886063 ], [ -111.991224866485013, 33.779172386678361 ], [ -111.990138813615488, 33.779177160419209 ], [ -111.989052919328373, 33.779181921804174 ], [ -111.989052235698978, 33.780994191432733 ], [ -111.987964778795089, 33.780997819812953 ], [ -111.986878995426565, 33.781001432248232 ], [ -111.986880965831034, 33.779221377949831 ], [ -111.986881953814105, 33.778318885244246 ], [ -111.986881445929541, 33.777458202042631 ], [ -111.983619223286908, 33.777472659790462 ], [ -111.983618355894066, 33.777308414999133 ], [ -111.984190996281612, 33.777305958870684 ], [ -111.984190908761036, 33.776037082077679 ], [ -111.983618439039958, 33.776037105445347 ], [ -111.98361819747538, 33.775590563205554 ], [ -111.982530790263297, 33.775591426045182 ], [ -111.982532191567017, 33.777477458173365 ], [ -111.98004541436805, 33.777491773021282 ], [ -111.979102004971963, 33.777492537037823 ], [ -111.978184284639255, 33.777501056000652 ], [ -111.978184286307894, 33.777415782987845 ], [ -111.977452403799774, 33.777415923842987 ], [ -111.977583548629738, 33.77721281303446 ], [ -111.978179383599695, 33.776253087335654 ], [ -111.978184047492036, 33.777265971512179 ], [ -111.978184286307894, 33.777415782987845 ], [ -111.97927123753152, 33.777409369310845 ], [ -111.979270999425864, 33.777326958268418 ], [ -111.98035782011776, 33.777322337494091 ], [ -111.980356027868424, 33.775580420450424 ], [ -111.979268674614062, 33.775573729313741 ], [ -111.979267109939912, 33.774363662362738 ], [ -111.979573043590733, 33.773865795411282 ], [ -111.97970070023203, 33.773700838427992 ], [ -111.980210750557205, 33.77287255061416 ], [ -111.980259441526343, 33.772792053770601 ], [ -111.980749964310206, 33.772006140621627 ], [ -111.980815420358951, 33.771902500186819 ], [ -111.98307503166879, 33.771898897619074 ], [ -111.98304089691274, 33.77195461208975 ], [ -111.983077897919927, 33.771954553414062 ], [ -111.983637278668766, 33.771039924597254 ], [ -111.983599146939682, 33.771041830642581 ], [ -111.984170580807657, 33.770125342548077 ], [ -111.986884093409842, 33.770114334177173 ], [ -111.986982219190438, 33.770113940191798 ], [ -111.986982258134276, 33.773662724686965 ] ], [ [ -112.04864068997189, 33.71263269993937 ], [ -112.048629911890401, 33.709683756442331 ], [ -112.048521394133431, 33.709683960684579 ], [ -112.048513076352037, 33.707414998103012 ], [ -112.048621620326543, 33.707414755973936 ], [ -112.048616477797353, 33.706008179961493 ], [ -112.048587878732476, 33.702439186967524 ], [ -112.048558940524387, 33.698827090888898 ], [ -112.048557363774648, 33.698684020934678 ], [ -112.057131748823281, 33.698443146148009 ], [ -112.057184881416447, 33.702220918440432 ], [ -112.057233582228591, 33.706002124263023 ], [ -112.057316413398752, 33.712618116412784 ], [ -112.055608546322176, 33.712617883465278 ], [ -112.052648747630784, 33.712621844469062 ], [ -112.04864068997189, 33.71263269993937 ] ], [ [ -111.977762333938585, 33.776265045760894 ], [ -111.977453619301855, 33.776761278319526 ], [ -111.977047247681242, 33.777416514958709 ], [ -111.975745602195147, 33.777417335200767 ], [ -111.969447026046154, 33.777420926396275 ], [ -111.969443664931447, 33.774033460926084 ], [ -111.969441655508362, 33.771973002581475 ], [ -111.969572628083029, 33.771971200903408 ], [ -111.97053344835102, 33.771970708647977 ], [ -111.9714043954868, 33.771970256919936 ], [ -111.971626034699767, 33.771970138584884 ], [ -111.972146827360234, 33.771969864998674 ], [ -111.972717565114294, 33.771969562935695 ], [ -111.972894275323881, 33.771969466326141 ], [ -111.973729511556115, 33.771969016257572 ], [ -111.973808494126601, 33.771968974304691 ], [ -111.974901035043374, 33.771968376171813 ], [ -111.974901571721475, 33.770262505434374 ], [ -111.97380459093273, 33.770264048746135 ], [ -111.973804337312458, 33.770153585312755 ], [ -111.969439850431115, 33.770157549271111 ], [ -111.96508014225455, 33.770160918812572 ], [ -111.965078840400267, 33.769297366397595 ], [ -111.965078130078211, 33.768834820282869 ], [ -111.965077341062511, 33.76830526945627 ], [ -111.965076017131949, 33.76743687399869 ], [ -111.965075488042274, 33.767075763010908 ], [ -111.965079831667751, 33.766531226308366 ], [ -111.965079630614127, 33.765985531811118 ], [ -111.965079360487294, 33.765253624651166 ], [ -111.965079160649694, 33.764711983884766 ], [ -111.966171912217675, 33.764710107798379 ], [ -111.967257707325288, 33.764708815473824 ], [ -111.967255188935297, 33.765317412493481 ], [ -111.967255247650613, 33.765435716007666 ], [ -111.967255486258267, 33.765924486304343 ], [ -111.967255785384552, 33.766529100338389 ], [ -111.967981362271061, 33.766528842292743 ], [ -111.968711841578653, 33.766528580619678 ], [ -111.969437455150356, 33.766528313097204 ], [ -111.969437055415995, 33.765923699119391 ], [ -111.969436652915846, 33.765316315197133 ], [ -111.969436256443174, 33.764711701099003 ], [ -111.96943585566369, 33.764107086943383 ], [ -111.969435454277715, 33.763499702841621 ], [ -111.96943505352121, 33.762895088567063 ], [ -111.978165862155691, 33.762882926159527 ], [ -111.978166967522398, 33.765443153820321 ], [ -111.978166582867573, 33.767623562484147 ], [ -111.978171441528573, 33.769094514028055 ], [ -111.978172905425737, 33.770259437128054 ], [ -111.975989869289023, 33.770261494834521 ], [ -111.975990908991605, 33.770839584953087 ], [ -111.97599205922586, 33.771477764843553 ], [ -111.975992940009448, 33.77196776777145 ], [ -111.97652180199664, 33.77196747184496 ], [ -111.976832105060197, 33.771967293014171 ], [ -111.977588996726524, 33.771966861305451 ], [ -111.978175618435969, 33.771965110562746 ], [ -111.97817762060194, 33.773224294516446 ], [ -111.978175522683145, 33.773825460130965 ], [ -111.978178664974095, 33.773880420711237 ], [ -111.978179519316669, 33.774417162492327 ], [ -111.978180374974457, 33.774955721960936 ], [ -111.978181386497639, 33.775592991694836 ], [ -111.977762333938585, 33.776265045760894 ] ] ], [ [ [ -111.986982258134276, 33.773662724686965 ], [ -111.986782828615716, 33.773663612670923 ], [ -111.985793896448882, 33.773668290208882 ], [ -111.985795590311113, 33.773904687700686 ], [ -111.985795391562107, 33.774321307998918 ], [ -111.985795156975414, 33.774783372562418 ], [ -111.985795142058663, 33.77482932537675 ], [ -111.985794977998054, 33.775248801131646 ], [ -111.985794746680099, 33.77563293115449 ], [ -111.985794733104299, 33.775660389233494 ], [ -111.985792500731478, 33.776433921264214 ], [ -111.98628613356631, 33.776440981439642 ], [ -111.986780799131438, 33.776431354849187 ], [ -111.9869818239343, 33.7764338534693 ], [ -111.986983785665288, 33.775644777964423 ], [ -111.986982222290067, 33.77390035119906 ], [ -111.986982258134276, 33.773662724686965 ] ] ] ] } },
{ "type": "Feature", "properties": { "OBJECTID": 1602, "DISTRICT": "3", "REP_NAME": "Councilmember Debra Stark", "REP_URL": "https://phoenix.gov/district3", "EMAIL": "https://www.phoenix.gov/district3/contact-district-3", "IMAGE_URL": "https://www.phoenix.gov/content/dam/phoenix/mayorcouncilsite/mediaassets/Headshot_D3_Stark_2022_high_res.jpg", "C_TRACT": 3 }, "geometry": { "type": "Polygon", "coordinates": [ [ [ -111.99533830834693, 33.553714888026825 ], [ -111.995338246974612, 33.553718466859209 ], [ -111.986568496972566, 33.553718366456636 ], [ -111.986583285528781, 33.561049175808776 ], [ -111.98622318241587, 33.561047086576998 ], [ -111.98177966361682, 33.561011837374032 ], [ -111.97854251933947, 33.560990672422413 ], [ -111.977999809746819, 33.560987113933436 ], [ -111.977774135058652, 33.560986225565991 ], [ -111.977768002826053, 33.561928885697192 ], [ -111.977580765994887, 33.561927524453417 ], [ -111.977586775034496, 33.562003021414007 ], [ -111.977576427130217, 33.564663726254665 ], [ -111.977625671053005, 33.5646638670231 ], [ -111.977604331446955, 33.568159036450893 ], [ -111.977688306530325, 33.575510697187461 ], [ -111.977774404498902, 33.58251603081915 ], [ -111.977775243457131, 33.582584447356041 ], [ -111.973575382798387, 33.582577226582082 ], [ -111.973576589500325, 33.582618453649857 ], [ -111.971369809764738, 33.582614603125009 ], [ -111.971369911951513, 33.582573378161577 ], [ -111.970307541307449, 33.582571509637482 ], [ -111.970307438615521, 33.582612734600538 ], [ -111.969241353617974, 33.582610133581454 ], [ -111.969218857672487, 33.579045060368998 ], [ -111.969196704267418, 33.575533484531796 ], [ -111.965717257360112, 33.57551596799091 ], [ -111.965475032131465, 33.575508783556714 ], [ -111.960776301800024, 33.575484446267318 ], [ -111.960580463230798, 33.575488880054053 ], [ -111.960578145041438, 33.575488807840166 ], [ -111.960578413001826, 33.577521997238151 ], [ -111.960579090958873, 33.582653256504067 ], [ -111.960568254955305, 33.589078691053217 ], [ -111.960583627001895, 33.592865587989031 ], [ -111.960590366112697, 33.594045042756193 ], [ -111.960598884450931, 33.59555420698522 ], [ -111.960608080090992, 33.597165987234185 ], [ -111.960603234510245, 33.598121882716299 ], [ -111.960594385627786, 33.599867802607875 ], [ -111.960580686217725, 33.602569853942214 ], [ -111.960576166620456, 33.60346200965769 ], [ -111.960574004703759, 33.603888667063025 ], [ -111.960571636792451, 33.604355403253422 ], [ -111.973560999971326, 33.604325999000878 ], [ -111.97527199975319, 33.60431199884507 ], [ -111.975987999650656, 33.604207998760771 ], [ -111.976250999771963, 33.604484998961013 ], [ -111.976552000250095, 33.60469999877818 ], [ -111.977153000423371, 33.604927998928453 ], [ -111.977884000025824, 33.604982998864699 ], [ -111.977859980837565, 33.611540029175167 ], [ -111.986579252454874, 33.611700752121692 ], [ -111.98778957861839, 33.611723395799991 ], [ -111.98881293830226, 33.611742508466385 ], [ -111.989443499452307, 33.611754281103053 ], [ -111.990014488970516, 33.611764937123624 ], [ -111.990528540659753, 33.611774530782839 ], [ -111.990923305487101, 33.611781893787622 ], [ -111.991603494219561, 33.611794581392125 ], [ -111.992271873955218, 33.611807045251489 ], [ -111.993520339825025, 33.611830315555132 ], [ -111.994656791336311, 33.611851459163347 ], [ -111.994941744647164, 33.61185679204366 ], [ -111.995926875602294, 33.611875109023735 ], [ -111.995936915856376, 33.613205121570573 ], [ -111.995941909648579, 33.613870058774744 ], [ -111.995947609764471, 33.614628364162705 ], [ -111.995954238484018, 33.615510890252985 ], [ -111.995981573323348, 33.619148497051142 ], [ -111.996591351430595, 33.619140865876489 ], [ -111.997414464481068, 33.619130533652147 ], [ -112.000313266864339, 33.619094230867162 ], [ -112.002123914774117, 33.619071507102348 ], [ -112.002991408719822, 33.619060609370834 ], [ -112.00378625223702, 33.619050622356397 ], [ -112.004634265632149, 33.619039930601389 ], [ -112.0048014332978, 33.61903787119266 ], [ -112.004817428228435, 33.619037917501942 ], [ -112.004849282335627, 33.619038051688257 ], [ -112.004881182981805, 33.619038377890327 ], [ -112.004913077327117, 33.619038866390497 ], [ -112.004960914307162, 33.619039904346138 ], [ -112.005008738733437, 33.619041312881421 ], [ -112.005056589431348, 33.619043117215554 ], [ -112.005104371503407, 33.619045262414055 ], [ -112.005168041999966, 33.619048691034827 ], [ -112.00524750440799, 33.619053871994353 ], [ -112.005311037392488, 33.61905877127483 ], [ -112.005978183052292, 33.61911216113846 ], [ -112.006026936625119, 33.619115725419967 ], [ -112.006075767508477, 33.619119007401508 ], [ -112.006124625021513, 33.619121981872738 ], [ -112.006173508085055, 33.619124647932722 ], [ -112.006206155923394, 33.619126281585331 ], [ -112.006255075103468, 33.619128433631168 ], [ -112.006303968070796, 33.619130248449537 ], [ -112.006336601304255, 33.619131304103497 ], [ -112.006369288312968, 33.61913225060696 ], [ -112.006418212870372, 33.619133344917493 ], [ -112.006450862852887, 33.619133920837101 ], [ -112.006499846183232, 33.619134528167265 ], [ -112.006532502275647, 33.619134759620351 ], [ -112.006565207831414, 33.619134881925994 ], [ -112.006614147276423, 33.619134741752724 ], [ -112.006663178061913, 33.619134343614085 ], [ -112.00712927508502, 33.619128097625612 ], [ -112.007633596914658, 33.619123154453156 ], [ -112.00764977473807, 33.619122875658036 ], [ -112.007682039686728, 33.619122159433076 ], [ -112.007714251643037, 33.619121270116764 ], [ -112.007746505509488, 33.619120265346588 ], [ -112.007778795893401, 33.619119141519747 ], [ -112.007810986913697, 33.619117818487162 ], [ -112.007843217687238, 33.619116379100575 ], [ -112.007875481748343, 33.619114824266404 ], [ -112.007907691739291, 33.619113097243471 ], [ -112.007939843346975, 33.619111196231614 ], [ -112.007972073535754, 33.619109206789091 ], [ -112.008004198971108, 33.619107018144895 ], [ -112.008036401908569, 33.619104740169163 ], [ -112.008068496858044, 33.619102262092582 ], [ -112.008100621860748, 33.619099668570868 ], [ -112.008132729467007, 33.619096932588704 ], [ -112.008164820750608, 33.619094050538649 ], [ -112.00819689463745, 33.619091026028244 ], [ -112.008228993187231, 33.61908788517492 ], [ -112.008261021498782, 33.61908457214507 ], [ -112.008292987117059, 33.619081087834758 ], [ -112.008340958472559, 33.619075635917604 ], [ -112.008372907569438, 33.619071822486873 ], [ -112.008420835261958, 33.619065858418722 ], [ -112.008452721463669, 33.619061687950051 ], [ -112.008484535271407, 33.619057346208244 ], [ -112.008516368351067, 33.619052887226033 ], [ -112.008800986079621, 33.619012525686657 ], [ -112.00929090849219, 33.618982482899625 ], [ -112.009098849918985, 33.619737128904696 ], [ -112.008888575394579, 33.620492318291426 ], [ -112.008662523767029, 33.621244294572506 ], [ -112.008420852898965, 33.621992882620702 ], [ -112.008163641925833, 33.622737851458275 ], [ -112.007890867551552, 33.623478923290932 ], [ -112.007602624019569, 33.624215868922406 ], [ -112.00729908217167, 33.624948518606026 ], [ -112.006684878994264, 33.626318421580251 ], [ -112.015942711288915, 33.626324218192096 ], [ -112.016633199552643, 33.626324268840428 ], [ -112.017706118504222, 33.626324342826933 ], [ -112.018586039373446, 33.626324423333493 ], [ -112.01944966755778, 33.626324466938811 ], [ -112.019885745582954, 33.626324488782366 ], [ -112.020976073737828, 33.626324533396257 ], [ -112.022064265556267, 33.626324542266595 ], [ -112.022129623483522, 33.626325305273234 ], [ -112.022211278302407, 33.626327791867794 ], [ -112.022276530359591, 33.626331003837983 ], [ -112.022357969040016, 33.626336546298688 ], [ -112.022439265405978, 33.626343811929445 ], [ -112.022536394302008, 33.626354697707448 ], [ -112.022600989098677, 33.6263633489759 ], [ -112.022713410133363, 33.626381020149218 ], [ -112.02277729608987, 33.626392587952026 ], [ -112.022825025763666, 33.626401959583738 ], [ -112.022872579414397, 33.626411928257355 ], [ -112.022919952723896, 33.626422487665081 ], [ -112.022982768311323, 33.626437459204617 ], [ -112.02306081811507, 33.626457674376212 ], [ -112.023122813195158, 33.626475015251934 ], [ -112.023199703650448, 33.626498136532113 ], [ -112.023275882579185, 33.626522852540006 ], [ -112.023336327930394, 33.626543788722834 ], [ -112.023396216189411, 33.626565699166342 ], [ -112.023470327565022, 33.626594487001519 ], [ -112.02354351174543, 33.626624778686349 ], [ -112.023601428669636, 33.626650125215562 ], [ -112.023658779905901, 33.626676462246529 ], [ -112.023715402578617, 33.62670369073679 ], [ -112.023757515280238, 33.626724777830646 ], [ -112.023785350043397, 33.626739107497684 ], [ -112.023812967344554, 33.626753642027147 ], [ -112.023854133060425, 33.626775916513211 ], [ -112.023894944851108, 33.626798727789208 ], [ -112.023948654831457, 33.626829896313986 ], [ -112.023988443063431, 33.626853855377924 ], [ -112.024027755487779, 33.626878281008196 ], [ -112.024040821732228, 33.626886569587604 ], [ -112.024066045780231, 33.62690502662273 ], [ -112.02455304730745, 33.626540026512536 ], [ -112.024813392349699, 33.626409482679321 ], [ -112.025087000345223, 33.626327000402561 ], [ -112.025333178025633, 33.626316741488402 ], [ -112.025332650770451, 33.626307145419062 ], [ -112.027758746249191, 33.626294205974027 ], [ -112.029368349644358, 33.626285575969575 ], [ -112.029793971517051, 33.626283291166509 ], [ -112.030066471161945, 33.62628182705685 ], [ -112.030107523627748, 33.62628160727089 ], [ -112.030733823703656, 33.626278211687996 ], [ -112.030737093526483, 33.626700771650214 ], [ -112.030741015090058, 33.627221165460902 ], [ -112.03075287414363, 33.628770270407202 ], [ -112.030753467396536, 33.628853993999023 ], [ -112.030754090396925, 33.628935752812275 ], [ -112.030756684266791, 33.629275457396311 ], [ -112.03075984975132, 33.629690619005807 ], [ -112.030765615126924, 33.630446690640404 ], [ -112.030768457212716, 33.630819241121657 ], [ -112.030773362197337, 33.631462197418891 ], [ -112.03077648908814, 33.631872469134777 ], [ -112.030788125155027, 33.633393557189422 ], [ -112.030795577784872, 33.633479244546713 ], [ -112.030798748024196, 33.633900158550205 ], [ -112.030801705494852, 33.634281504548341 ], [ -112.030809725602069, 33.635317811161983 ], [ -112.030811373804326, 33.635533537880498 ], [ -112.030813438660857, 33.635801160058342 ], [ -112.030815404616817, 33.636055903705589 ], [ -112.030822778542031, 33.637002500376376 ], [ -112.030831859471547, 33.638186273389671 ], [ -112.030836237897773, 33.638696540913124 ], [ -112.030836245715662, 33.638754743939693 ], [ -112.030844769863094, 33.639923080479996 ], [ -112.030849768626169, 33.640511967796009 ], [ -112.030850793554805, 33.641032011460162 ], [ -112.03086001949886, 33.645944760790371 ], [ -112.030862157928183, 33.647108726049332 ], [ -112.030865096699557, 33.649050966900184 ], [ -112.03086554419005, 33.649387385761983 ], [ -112.030868209986295, 33.6513978141761 ], [ -112.030869399357613, 33.652293466147363 ], [ -112.030870226639749, 33.652917382469113 ], [ -112.030871819418067, 33.65411838036492 ], [ -112.030871909821514, 33.654151723187923 ], [ -112.030871949386153, 33.654181676674931 ], [ -112.030873023843967, 33.65502775716751 ], [ -112.031862885695816, 33.655021083403277 ], [ -112.032632153347862, 33.655015871173724 ], [ -112.03520822052316, 33.654998378115351 ], [ -112.035458166817236, 33.655000485247868 ], [ -112.035665014089091, 33.654999278249406 ], [ -112.037377625689103, 33.654989017754232 ], [ -112.037922116099509, 33.654985759155238 ], [ -112.038060897239944, 33.654984930474839 ], [ -112.03845869260067, 33.654982573580206 ], [ -112.039543190037577, 33.654976045311159 ], [ -112.041772059624506, 33.654961327142033 ], [ -112.042896077581361, 33.654953916153943 ], [ -112.045618296685348, 33.654935861202354 ], [ -112.046625208859183, 33.65492916777017 ], [ -112.047356652032533, 33.654924298606936 ], [ -112.048479271444961, 33.654916791448855 ], [ -112.049645041220771, 33.654907243112049 ], [ -112.051590443294074, 33.654890748186212 ], [ -112.052806623423535, 33.654880559580874 ], [ -112.054779219352213, 33.6548639619865 ], [ -112.05582628163728, 33.654855142536469 ], [ -112.05687905587034, 33.654846262656861 ], [ -112.056866739754838, 33.647604748403147 ], [ -112.06149474080361, 33.647584909627305 ], [ -112.065541913274188, 33.647566538806522 ], [ -112.065552937842753, 33.651196605804401 ], [ -112.06555820326335, 33.652952786277787 ], [ -112.065560966490764, 33.65385118089791 ], [ -112.065563888107221, 33.654832101519091 ], [ -112.067374964337915, 33.654810544502709 ], [ -112.069073987307092, 33.654790271317964 ], [ -112.069882641698626, 33.654780613922632 ], [ -112.071535180126247, 33.654760831581683 ], [ -112.074181886466249, 33.654729179753069 ], [ -112.07603753839571, 33.654708338904442 ], [ -112.076483395658741, 33.654702901526804 ], [ -112.077419167028935, 33.654691398419416 ], [ -112.077880999669233, 33.65468999905724 ], [ -112.075208000207965, 33.658616998767023 ], [ -112.074177999524892, 33.659401999261107 ], [ -112.072750000440195, 33.661584999512399 ], [ -112.073162000321332, 33.661742999354651 ], [ -112.070741000347624, 33.666392999309338 ], [ -112.070121999920431, 33.668250999003057 ], [ -112.070115170883895, 33.669275612393861 ], [ -112.070287739761156, 33.669274277258289 ], [ -112.071516020062504, 33.669264974875375 ], [ -112.074152868490714, 33.669244965103239 ], [ -112.08152646384336, 33.669200634073256 ], [ -112.08309303979901, 33.669193285127292 ], [ -112.083767136162237, 33.669194780382817 ], [ -112.087204366416287, 33.66920232403298 ], [ -112.097755856609623, 33.669227209637349 ], [ -112.099832969342557, 33.66923183570735 ], [ -112.099820385613, 33.667415356247467 ], [ -112.099818022026454, 33.667074016952327 ], [ -112.099793244682331, 33.663496304506097 ], [ -112.099790348576462, 33.663126912155256 ], [ -112.099778310812496, 33.660773990955278 ], [ -112.09977268578281, 33.659392097109517 ], [ -112.09976879663202, 33.658347546579847 ], [ -112.099763949114063, 33.65704540103475 ], [ -112.099760421871594, 33.65596029065032 ], [ -112.099756262400689, 33.654724206254159 ], [ -112.099754044745779, 33.654162687173596 ], [ -112.09974768564625, 33.652818433168257 ], [ -112.099746303101426, 33.652470995416614 ], [ -112.099745758105158, 33.652074069116019 ], [ -112.099744170003021, 33.651662627436956 ], [ -112.099740751197302, 33.651087703815612 ], [ -112.099730989308128, 33.648322088795751 ], [ -112.099725984096253, 33.647421304121046 ], [ -112.0997240574942, 33.646583921191713 ], [ -112.099718690730569, 33.645191272251651 ], [ -112.09971349771827, 33.643850538297514 ], [ -112.099706273373513, 33.641998548195005 ], [ -112.099702514077578, 33.641035029613136 ], [ -112.099701960931654, 33.64089333444538 ], [ -112.099701779712888, 33.640870354695046 ], [ -112.099700690232154, 33.640589810001515 ], [ -112.09969968375448, 33.64031639108871 ], [ -112.099699006452951, 33.640135879093933 ], [ -112.10042269843386, 33.640125029830976 ], [ -112.101870063859266, 33.640103503470144 ], [ -112.103363240316824, 33.640081294103133 ], [ -112.104052874971572, 33.640071006097045 ], [ -112.104663067053991, 33.640061919762779 ], [ -112.105773096291372, 33.640045336931699 ], [ -112.106260929343392, 33.64003809877476 ], [ -112.108570751101468, 33.640003614571718 ], [ -112.109044089823428, 33.639996376207364 ], [ -112.109635485183503, 33.639987539834337 ], [ -112.1101270728592, 33.639980093018657 ], [ -112.111026985377308, 33.639966449713306 ], [ -112.111875720030582, 33.639953674134595 ], [ -112.112531812129291, 33.639943718196953 ], [ -112.112838771977763, 33.639939082101513 ], [ -112.113678950050968, 33.639926368133096 ], [ -112.115751570024855, 33.639894988505318 ], [ -112.116246550929148, 33.63252396671664 ], [ -112.116320394961065, 33.632522247953169 ], [ -112.116375333869968, 33.628558469690546 ], [ -112.116417646161864, 33.625505339797911 ], [ -112.116420859800925, 33.62527349614939 ], [ -112.116422575915664, 33.625024659253683 ], [ -112.116456834305893, 33.620055810797972 ], [ -112.116461336214883, 33.619402971005442 ], [ -112.116465497536879, 33.618799177410445 ], [ -112.116469768503805, 33.618178930711899 ], [ -112.116492963572682, 33.614849841673795 ], [ -112.116499159408178, 33.613960762240097 ], [ -112.116507518749899, 33.612760501789261 ], [ -112.116516671118461, 33.611447238159094 ], [ -112.11651809001286, 33.61124347057094 ], [ -112.116519959786999, 33.610974977221524 ], [ -112.116531557362393, 33.609968175552162 ], [ -112.11654814382932, 33.608604501005694 ], [ -112.116562987974788, 33.607389556050038 ], [ -112.116608666535626, 33.603628681039517 ], [ -112.116643190809327, 33.600804244816359 ], [ -112.116696548905679, 33.596413448105238 ], [ -112.116721981881867, 33.593533113778221 ], [ -112.116753016660738, 33.590018306047597 ], [ -112.116760307609823, 33.589192388421623 ], [ -112.116791995225455, 33.585092380547827 ], [ -112.116807306793888, 33.583111272492154 ], [ -112.116816110546267, 33.58197221590892 ], [ -112.116829415240062, 33.579733394402872 ], [ -112.116839068112512, 33.57810884462365 ], [ -112.116850836776067, 33.57612792670885 ], [ -112.116858532900949, 33.574832775135732 ], [ -112.116877368225872, 33.571446757434842 ], [ -112.116878679033519, 33.571211066453408 ], [ -112.116879627399641, 33.57104001493196 ], [ -112.116880274602806, 33.570923750998254 ], [ -112.116888459385422, 33.569449933708796 ], [ -112.116889461302051, 33.569269892279273 ], [ -112.116899040585409, 33.567545408195834 ], [ -112.11690458645289, 33.566472091195941 ], [ -112.116911846079589, 33.565067546134806 ], [ -112.116671744399184, 33.56428509402226 ], [ -112.116549830006647, 33.563929753690282 ], [ -112.116141583675216, 33.562925012005003 ], [ -112.115774993148307, 33.562174859733865 ], [ -112.115504245476416, 33.561683228227061 ], [ -112.114785228734391, 33.560522293949639 ], [ -112.114660837707689, 33.560321446354202 ], [ -112.114656184995326, 33.560321448385309 ], [ -112.099657000473584, 33.560430999545623 ], [ -112.099629407229372, 33.553101135194368 ], [ -112.096805346171848, 33.553070051967275 ], [ -112.075720170090619, 33.552835937272185 ], [ -112.075571133655018, 33.552834394700966 ], [ -112.075113745987963, 33.552829651927354 ], [ -112.073905327482251, 33.552817115391825 ], [ -112.073901526304141, 33.558147606077782 ], [ -112.073901278147957, 33.558492104969467 ], [ -112.073901004810764, 33.558886898041443 ], [ -112.073900817846251, 33.559147476124849 ], [ -112.073900566262594, 33.559497804356013 ], [ -112.073900376370602, 33.559762707798129 ], [ -112.073899907704941, 33.560413448679938 ], [ -112.073899525630708, 33.561501860638536 ], [ -112.073899239671121, 33.562311052262508 ], [ -112.07389861728349, 33.564081620567158 ], [ -112.067840233912733, 33.564134885437312 ], [ -112.067414738540108, 33.564135297023569 ], [ -112.066117451007131, 33.564136537302062 ], [ -112.065254221481496, 33.564137354646356 ], [ -112.065268014356107, 33.562300489302714 ], [ -112.065273695195671, 33.561551841907828 ], [ -112.065277867659034, 33.561001633550546 ], [ -112.065280684488215, 33.560630231722847 ], [ -112.06528150979149, 33.560521621925027 ], [ -112.06526324194995, 33.560520083037765 ], [ -112.06524688691961, 33.560519814128988 ], [ -112.065230531761216, 33.560519470378374 ], [ -112.065214176473305, 33.56051905088426 ], [ -112.065197827519526, 33.560518556540593 ], [ -112.06518148167352, 33.560517990056248 ], [ -112.065165138924527, 33.560517345119464 ], [ -112.065148799283392, 33.560516628042031 ], [ -112.065132465973505, 33.56051583431168 ], [ -112.065116138997965, 33.56051496573172 ], [ -112.065099816204352, 33.560514023206494 ], [ -112.065083501900745, 33.56051300673078 ], [ -112.065067191774531, 33.560511913604749 ], [ -112.065050893372572, 33.560510748327701 ], [ -112.065034599148063, 33.560509506400351 ], [ -112.065018314490771, 33.560508190521254 ], [ -112.065002039399189, 33.560506799788712 ], [ -112.064985770643872, 33.56050533510831 ], [ -112.064953266138716, 33.560502181182095 ], [ -112.064937030392059, 33.560500493739674 ], [ -112.064920807439321, 33.560498729636578 ], [ -112.064904594057154, 33.56049689338515 ], [ -112.064888393473595, 33.56049498317816 ], [ -112.064872205688673, 33.56049299901553 ], [ -112.064856031774852, 33.56049093819103 ], [ -112.064839869587345, 33.560488806117284 ], [ -112.064823724500528, 33.560486596476096 ], [ -112.064791473812662, 33.560481962539221 ], [ -112.064775374664592, 33.560479532825688 ], [ -112.064743614616148, 33.560474613357023 ], [ -112.064727925959474, 33.560472267904693 ], [ -112.064712220194409, 33.560469994605569 ], [ -112.064696499470358, 33.560467790752071 ], [ -112.064680768106115, 33.560465662650806 ], [ -112.064665022859799, 33.56046360399386 ], [ -112.064649262657454, 33.560461616585862 ], [ -112.064633488580682, 33.560459703130554 ], [ -112.064617702778847, 33.560457860920359 ], [ -112.064601906330466, 33.560456090855624 ], [ -112.06458610031099, 33.560454392033378 ], [ -112.064570280412312, 33.560452764458823 ], [ -112.064554452025632, 33.560451211732143 ], [ -112.064538612990702, 33.560449730249289 ], [ -112.064522765461547, 33.560448320007623 ], [ -112.064506907288703, 33.560446983714755 ], [ -112.064491042777107, 33.560445719562217 ], [ -112.064475168698749, 33.560444529357191 ], [ -112.064459285044393, 33.56044340768959 ], [ -112.064443397212884, 33.560442362668113 ], [ -112.064427504114889, 33.560441387080637 ], [ -112.064411603604, 33.560440485438079 ], [ -112.064395694603192, 33.560439657741732 ], [ -112.064379784646917, 33.560438901277564 ], [ -112.064363866197539, 33.560438216956278 ], [ -112.064347946797227, 33.560437606572201 ], [ -112.064332021056273, 33.560437067426705 ], [ -112.064316095438215, 33.560436600413816 ], [ -112.064300163484035, 33.560436207344544 ], [ -112.064284231655776, 33.560435888211217 ], [ -112.064268296717742, 33.560435640312612 ], [ -112.064252358676029, 33.560435467255523 ], [ -112.064236423986571, 33.560435365425427 ], [ -112.062030876796072, 33.560439175901259 ], [ -112.061998848442784, 33.560439867226634 ], [ -112.061950833436342, 33.560441583586218 ], [ -112.06193483879288, 33.560442339032328 ], [ -112.061902867187129, 33.560444118599612 ], [ -112.061854977697791, 33.560447473135781 ], [ -112.061807174649573, 33.560451640871591 ], [ -112.061775370247716, 33.560454871020518 ], [ -112.061743618144888, 33.560458462675506 ], [ -112.061696106894004, 33.560464525367593 ], [ -112.06166452107793, 33.5604690202955 ], [ -112.061633008010858, 33.560473869492242 ], [ -112.061585897309513, 33.560481815292185 ], [ -112.061523397087385, 33.560493657228285 ], [ -112.061492221185134, 33.560499841389586 ], [ -112.06146091961142, 33.560505586569668 ], [ -112.061429532356314, 33.560510976578193 ], [ -112.061398056187628, 33.560516010517333 ], [ -112.061334881274746, 33.560525013742172 ], [ -112.061287319999096, 33.560530826569227 ], [ -112.061255539568833, 33.560534252222176 ], [ -112.061191827206301, 33.56054002977411 ], [ -112.061159909270032, 33.560542378049938 ], [ -112.061111962849537, 33.560545226520098 ], [ -112.061079968014042, 33.560546671377011 ], [ -112.0610639622939, 33.560547259010228 ], [ -112.060999901292575, 33.560548707882141 ], [ -112.055510283868685, 33.560584878196813 ], [ -112.054159443561247, 33.560593681385896 ], [ -112.05300038425932, 33.560601238073829 ], [ -112.052351631196657, 33.560605457478701 ], [ -112.050165839738099, 33.560619640536302 ], [ -112.047986373800853, 33.560633743126175 ], [ -112.047464149355662, 33.560628273631316 ], [ -112.046921499979547, 33.560622585380713 ], [ -112.046462657302911, 33.560617782534727 ], [ -112.044279988174239, 33.560594915466694 ], [ -112.043800610930859, 33.560589889481427 ], [ -112.042754516277498, 33.560578919157145 ], [ -112.039612535143775, 33.560545889386383 ], [ -112.038311517682502, 33.56053245461694 ], [ -112.038183524539278, 33.558550653012034 ], [ -112.037841118978022, 33.553250055385142 ], [ -112.030250869596188, 33.552902581260518 ], [ -112.021341518259845, 33.552909716416536 ], [ -112.012949290489843, 33.553701565895906 ], [ -111.99533830834693, 33.553714888026825 ] ] ] } },
{ "type": "Feature", "properties": { "OBJECTID": 1603, "DISTRICT": "4", "REP_NAME": "Councilmember Laura Pastor", "REP_URL": "https://phoenix.gov/district4", "EMAIL": "https://www.phoenix.gov/district4/contact-district-4", "IMAGE_URL": "https://www.phoenix.gov/content/dam/phoenix/mayorcouncilsite/mediaassets/Headshot_Pastor__2000_high_res.jpg", "C_TRACT": 4 }, "geometry": { "type": "Polygon", "coordinates": [ [ [ -112.191443285817371, 33.487734180375774 ], [ -112.191403773472132, 33.486094665677989 ], [ -112.191401649234152, 33.486024447474797 ], [ -112.19139350628538, 33.485942602663854 ], [ -112.191378975501522, 33.48586138786699 ], [ -112.191353927036261, 33.485767905408053 ], [ -112.191320359811911, 33.485676316440617 ], [ -112.19128495685824, 33.485599732990003 ], [ -112.191236134629023, 33.485513097433909 ], [ -112.191178970539326, 33.485420963779205 ], [ -112.19080314681996, 33.484806413851501 ], [ -112.190043781893706, 33.483568809079017 ], [ -112.191742752351828, 33.482833480234142 ], [ -112.19083990462498, 33.481347168671704 ], [ -112.190808356778263, 33.481269095015158 ], [ -112.190786328509674, 33.481202926991926 ], [ -112.190765091263685, 33.481122441932399 ], [ -112.190749593965236, 33.4810410415799 ], [ -112.190738881858266, 33.480945304539844 ], [ -112.190736055212398, 33.480876651354421 ], [ -112.190730234088846, 33.480492292197788 ], [ -112.186384675872802, 33.480545836703826 ], [ -112.186401421184584, 33.473144334213323 ], [ -112.185976999488361, 33.473259999492626 ], [ -112.169031000184432, 33.473294998769219 ], [ -112.168909038716407, 33.462973310944463 ], [ -112.163602889747921, 33.462754021172323 ], [ -112.160440737755621, 33.462623910309617 ], [ -112.156187588712413, 33.462329973247222 ], [ -112.151819495158108, 33.462036896344927 ], [ -112.151763324481749, 33.451369481294407 ], [ -112.151546274666828, 33.451370118058556 ], [ -112.15099005108388, 33.451371750237193 ], [ -112.149479030983329, 33.451376174495024 ], [ -112.14860757329734, 33.451378717488119 ], [ -112.146829201745646, 33.451383886085935 ], [ -112.145310774987365, 33.451388278707405 ], [ -112.144292149318332, 33.451391215946657 ], [ -112.143273509549118, 33.451394145745368 ], [ -112.140830728369792, 33.451400825795545 ], [ -112.139915286805234, 33.451403310561808 ], [ -112.138825556786387, 33.451406256953859 ], [ -112.137754246275676, 33.451409147402117 ], [ -112.136886953172635, 33.451411479767771 ], [ -112.135595040320908, 33.451414943339813 ], [ -112.134519119143604, 33.451417816682522 ], [ -112.130369562311984, 33.451379524513875 ], [ -112.128198317906779, 33.451359430106443 ], [ -112.126025531756781, 33.451339286753836 ], [ -112.124961974702913, 33.451307528418511 ], [ -112.123731673744615, 33.451270782615701 ], [ -112.122160987128368, 33.451223848138156 ], [ -112.121333849674514, 33.451199125497062 ], [ -112.120120126597712, 33.451162834964919 ], [ -112.119539627532376, 33.451145476185168 ], [ -112.119019820568624, 33.451130250067756 ], [ -112.11752292690386, 33.451086390612375 ], [ -112.117244679465628, 33.461740255766912 ], [ -112.100006057824316, 33.462214001057959 ], [ -112.100014079326229, 33.461287630314402 ], [ -112.100023208535688, 33.460233394235232 ], [ -112.100029810781109, 33.459471037069868 ], [ -112.100031349527882, 33.459289300130678 ], [ -112.100037387483709, 33.458595186953595 ], [ -112.098423098285338, 33.458603296991583 ], [ -112.097864242021799, 33.458606101450854 ], [ -112.097525222287118, 33.458607800225849 ], [ -112.09716496189364, 33.458609603839641 ], [ -112.096822464232247, 33.458611319281765 ], [ -112.09657294128597, 33.4586125661734 ], [ -112.0964011863026, 33.45861342573216 ], [ -112.096236409690604, 33.458614249698499 ], [ -112.096065324888698, 33.458615105116266 ], [ -112.095601566697354, 33.458617421795523 ], [ -112.093427579594419, 33.458628260645099 ], [ -112.093427556834996, 33.458613864152625 ], [ -112.091726255741477, 33.458634250679864 ], [ -112.090212562859847, 33.458640504006205 ], [ -112.089128630345826, 33.458642438513223 ], [ -112.088438978788687, 33.458643870209059 ], [ -112.088099247771495, 33.458644573967092 ], [ -112.086939708325687, 33.45864748203077 ], [ -112.085895311385272, 33.458647490893995 ], [ -112.0848246242426, 33.458649332723013 ], [ -112.083692211926149, 33.458652773248822 ], [ -112.082556927450426, 33.458655207290306 ], [ -112.082595393010152, 33.461263432667145 ], [ -112.082609662885019, 33.462225315946554 ], [ -112.082623382478346, 33.463147205877704 ], [ -112.082629087777548, 33.463531796967082 ], [ -112.08264594956799, 33.46466834348535 ], [ -112.082653963206113, 33.465208384152817 ], [ -112.082663116406749, 33.465828071139207 ], [ -112.081990079450051, 33.465821187060797 ], [ -112.081442474934875, 33.465815581699665 ], [ -112.081229126865082, 33.465813399848976 ], [ -112.080848343451066, 33.465809499037015 ], [ -112.080292405383744, 33.465803804953595 ], [ -112.079479532710295, 33.465795475890388 ], [ -112.079307782106653, 33.465793714896222 ], [ -112.078701465585397, 33.465787494559407 ], [ -112.078555588570808, 33.465785998065932 ], [ -112.078236520408439, 33.465782725472955 ], [ -112.077255186467184, 33.465772652696181 ], [ -112.076765326465718, 33.465767619115141 ], [ -112.076278653237324, 33.465762618268386 ], [ -112.075878260360156, 33.465758502010772 ], [ -112.075098033462368, 33.465750478293543 ], [ -112.074378743832952, 33.465743079088313 ], [ -112.073850876944633, 33.465737642307538 ], [ -112.072532836571312, 33.465734513955525 ], [ -112.071714483602548, 33.465732763837686 ], [ -112.071596137777007, 33.465732510540008 ], [ -112.071388590941652, 33.465732063716196 ], [ -112.071316996248825, 33.465731911395309 ], [ -112.071188901056573, 33.465731636507861 ], [ -112.071033601880671, 33.465731302490589 ], [ -112.071002190240989, 33.465731234298374 ], [ -112.069427750339102, 33.465727842737529 ], [ -112.068688960936072, 33.465726244187273 ], [ -112.06773397379898, 33.465724169993983 ], [ -112.066574722288649, 33.465721644013186 ], [ -112.065610464577148, 33.465719534013616 ], [ -112.064767181882416, 33.465719466783305 ], [ -112.063606946144745, 33.465722730180602 ], [ -112.061248308766849, 33.465729332035679 ], [ -112.041521629021076, 33.46576626934344 ], [ -112.012917999671359, 33.465731999286319 ], [ -112.01290900009154, 33.473111999433208 ], [ -112.021569000216203, 33.473072998890437 ], [ -112.021554000509013, 33.48039799892625 ], [ -112.030192071867162, 33.480299163227727 ], [ -112.030195800622764, 33.487561295894899 ], [ -112.030214471194725, 33.498454603541262 ], [ -112.043705643180189, 33.498359687302262 ], [ -112.043661961758673, 33.503744779458103 ], [ -112.043661922965157, 33.503799285046114 ], [ -112.043662839388475, 33.503867413336344 ], [ -112.043664822420311, 33.503935523400358 ], [ -112.043667874206577, 33.504003608924052 ], [ -112.043672946686399, 33.50408525474176 ], [ -112.043682098193528, 33.504193994959387 ], [ -112.043697373514306, 33.504329654353107 ], [ -112.043710595740237, 33.504424393409131 ], [ -112.043730650849312, 33.50454587237595 ], [ -112.043751350933235, 33.504653493457013 ], [ -112.043777861786523, 33.50477410016429 ], [ -112.043800831660619, 33.504867523551404 ], [ -112.043825851457854, 33.504960576938174 ], [ -112.04384891830081, 33.505040016759274 ], [ -112.044200636261323, 33.50623248399345 ], [ -112.044234020478541, 33.506352923895861 ], [ -112.044264121728304, 33.506473969498678 ], [ -112.044299049036852, 33.506635809011492 ], [ -112.044328086582823, 33.506798330848582 ], [ -112.044346004573057, 33.506920666674077 ], [ -112.044360603572215, 33.507043307982364 ], [ -112.044371875948443, 33.507166197975891 ], [ -112.04437669726768, 33.507234553031175 ], [ -112.04438112544031, 33.507316638564603 ], [ -112.0443855301437, 33.507480928731809 ], [ -112.044372205642304, 33.509237322205038 ], [ -112.06500624116498, 33.509228944490708 ], [ -112.064999512722906, 33.516379327592027 ], [ -112.082454786494196, 33.516601294074128 ], [ -112.082453656752236, 33.51681547507097 ], [ -112.082441530255068, 33.538356012027123 ], [ -112.097116959170791, 33.53860111615549 ], [ -112.099574999994829, 33.538641999229881 ], [ -112.099702679235563, 33.524138444435138 ], [ -112.112270741133301, 33.524055204726331 ], [ -112.11237482641792, 33.50950550462607 ], [ -112.134176878613303, 33.509450082855196 ], [ -112.134272416627809, 33.494957955821491 ], [ -112.168870894654574, 33.494949839126775 ], [ -112.168924251927194, 33.488008355597486 ], [ -112.17590484366356, 33.487889666427513 ], [ -112.176418034393336, 33.487926977811483 ], [ -112.176693077450864, 33.487987816210762 ], [ -112.176995818022718, 33.488117691624417 ], [ -112.177745016420261, 33.488536405293857 ], [ -112.177755948505251, 33.4877688624073 ], [ -112.186409471163969, 33.487801445309955 ], [ -112.191443285817371, 33.487734180375774 ] ], [ [ -112.063314071277858, 33.4872470315184 ], [ -112.056357126071191, 33.487237888457095 ], [ -112.056362633953825, 33.481669021657567 ], [ -112.06112877217781, 33.481670008723718 ], [ -112.061125598976588, 33.482569833855244 ], [ -112.06332103082066, 33.482566277143675 ], [ -112.063314071277858, 33.4872470315184 ] ] ] } },
{ "type": "Feature", "properties": { "OBJECTID": 1604, "DISTRICT": "7", "REP_NAME": "Councilmember Anna Hernandez", "REP_URL": "https://phoenix.gov/district7", "EMAIL": "https://www.phoenix.gov/district7/contact-district-7", "IMAGE_URL": "https://www.phoenix.gov/adobe/dynamicmedia/deliver/dm-aid--8b79116a-8228-48b8-9948-756383056adb/d7-headshot-anna-hernandez.jpg\r\n", "C_TRACT": 7 }, "geometry": { "type": "MultiPolygon", "coordinates": [ [ [ [ -112.202848990122206, 33.391825570518108 ], [ -112.207532126818393, 33.391805206005444 ], [ -112.207538644754038, 33.389265776794609 ], [ -112.208659093297783, 33.389262912221582 ], [ -112.209784155163405, 33.389259397246811 ], [ -112.211329405311687, 33.389254982466227 ], [ -112.211339271329294, 33.389703720053859 ], [ -112.211535779300746, 33.38970312167644 ], [ -112.211541834402396, 33.389977913879321 ], [ -112.211345311829916, 33.389978509597789 ], [ -112.211383914550211, 33.39173406245159 ], [ -112.212966693613055, 33.391729422604364 ], [ -112.215234645572068, 33.391722744584754 ], [ -112.215198454865615, 33.389301764559917 ], [ -112.215313322731404, 33.389243513928079 ], [ -112.215908493739065, 33.388962084430233 ], [ -112.216945371843195, 33.388456105385359 ], [ -112.219756989570101, 33.387099840127163 ], [ -112.21975045404119, 33.386415485533426 ], [ -112.220856714790372, 33.386410844081247 ], [ -112.222786592773502, 33.386404376002318 ], [ -112.224145434720171, 33.386399802467537 ], [ -112.224143514410528, 33.386233831107234 ], [ -112.226290851837533, 33.386223061820225 ], [ -112.226307965931369, 33.388205118100885 ], [ -112.227379072815069, 33.388201616138808 ], [ -112.227365367903275, 33.386417590505054 ], [ -112.227358661163919, 33.385544394381441 ], [ -112.22735119178715, 33.384573669706462 ], [ -112.228419961075872, 33.384570071881278 ], [ -112.228408864096508, 33.383495065826374 ], [ -112.228410016326166, 33.382510481692449 ], [ -112.226791528699977, 33.38094768844735 ], [ -112.223208127580421, 33.377487324328541 ], [ -112.22305240029452, 33.377336954159155 ], [ -112.220114986208458, 33.374500430896816 ], [ -112.2200989412122, 33.369931334535821 ], [ -112.21542858981563, 33.369974466944555 ], [ -112.211809954822201, 33.366475110346336 ], [ -112.211507762746294, 33.366182867535827 ], [ -112.208134182132056, 33.36292016658507 ], [ -112.20804482565562, 33.362833740936402 ], [ -112.207953012880083, 33.362745380504649 ], [ -112.202981815651981, 33.357909427023351 ], [ -112.202274463826697, 33.357226283330242 ], [ -112.2005327373938, 33.355542381529233 ], [ -112.19337248427712, 33.348615416264821 ], [ -112.193049913648792, 33.34829751629745 ], [ -112.189985900269264, 33.345313335291628 ], [ -112.186276000360834, 33.345338999201815 ], [ -112.186283736499746, 33.345691671252553 ], [ -112.186321353999929, 33.347406377982992 ], [ -112.186342960916335, 33.348391213285417 ], [ -112.186316695160983, 33.348391236957283 ], [ -112.18631396626607, 33.348993870058244 ], [ -112.18630346354901, 33.351271383997606 ], [ -112.186290424523619, 33.354118567209419 ], [ -112.186277925754197, 33.356749668125239 ], [ -112.186262486925102, 33.359890283432186 ], [ -112.186253115755591, 33.361791291537664 ], [ -112.186246795466488, 33.363164082151954 ], [ -112.186241893708996, 33.364681524458319 ], [ -112.186236807254573, 33.36626904680169 ], [ -112.186232284035952, 33.367680631298072 ], [ -112.186002000405324, 33.368856999452561 ], [ -112.185321000175236, 33.369798998765233 ], [ -112.184721000134232, 33.370319998755441 ], [ -112.184192912499597, 33.3708740535385 ], [ -112.183774000264023, 33.371561999559233 ], [ -112.183636000159808, 33.372094999241433 ], [ -112.183754000060034, 33.37309999883292 ], [ -112.184181009132033, 33.374024262658395 ], [ -112.18440384056737, 33.374459656658075 ], [ -112.184787999736287, 33.375302999244532 ], [ -112.185037638283475, 33.376217839341393 ], [ -112.185032000350219, 33.377456999304009 ], [ -112.185211674801963, 33.377448588225967 ], [ -112.185213699629287, 33.377561183790412 ], [ -112.185243685080977, 33.379267342273977 ], [ -112.185283744058168, 33.381543343466106 ], [ -112.185312181154657, 33.383156664362481 ], [ -112.18533915904986, 33.384689341981613 ], [ -112.185363489044803, 33.386073681484397 ], [ -112.185389658686731, 33.387558159368943 ], [ -112.185415926281962, 33.38905246438086 ], [ -112.185441437773093, 33.39050156901321 ], [ -112.185448790852959, 33.390917050453339 ], [ -112.18545686197821, 33.39137545965297 ], [ -112.185463569948055, 33.391758705524943 ], [ -112.18546502515153, 33.391844533100105 ], [ -112.18573698373487, 33.39184259932167 ], [ -112.194129220383516, 33.391830557677707 ], [ -112.194056505904427, 33.388293104218 ], [ -112.19405480908415, 33.388210658658728 ], [ -112.19403081974886, 33.38704358182963 ], [ -112.194013816237089, 33.386216235221816 ], [ -112.193997938863504, 33.38544385404731 ], [ -112.193981653374152, 33.384651495461434 ], [ -112.193979937845782, 33.384569198675862 ], [ -112.193969937517451, 33.384090105194304 ], [ -112.19388787858577, 33.384090296616804 ], [ -112.192564265136397, 33.384096928444627 ], [ -112.192574250016747, 33.384575953566092 ], [ -112.192575967568061, 33.384658289143772 ], [ -112.191170426538761, 33.384665069291302 ], [ -112.191158759431985, 33.384104893199257 ], [ -112.191133608494098, 33.382897393943132 ], [ -112.191114368091576, 33.381973655996667 ], [ -112.191095129253043, 33.381049921511995 ], [ -112.189689670122021, 33.38105716786103 ], [ -112.189660606354067, 33.379660978525969 ], [ -112.189631544028444, 33.378264901577971 ], [ -112.189612325544786, 33.377340247378534 ], [ -112.194798208800577, 33.377313763217096 ], [ -112.195817684774894, 33.377314365643478 ], [ -112.197107522485837, 33.377307561123061 ], [ -112.199138759624603, 33.377296818448293 ], [ -112.199308561343287, 33.377295917958996 ], [ -112.202459037160651, 33.377279184236578 ], [ -112.202963866855569, 33.377276495230191 ], [ -112.204849290769729, 33.377273687801512 ], [ -112.205323758624232, 33.377272975811238 ], [ -112.205793913497132, 33.37727226934819 ], [ -112.208686651540461, 33.377267883776206 ], [ -112.211065400177262, 33.377269525502726 ], [ -112.211109754541553, 33.37926197582739 ], [ -112.211129093338002, 33.380163265812882 ], [ -112.210997529952806, 33.380162108066699 ], [ -112.210297438831262, 33.38016219900183 ], [ -112.209606012629749, 33.380162288081856 ], [ -112.208914589621315, 33.380162373302745 ], [ -112.208223166581746, 33.38016245467216 ], [ -112.207531743511154, 33.38016253219007 ], [ -112.206840321484506, 33.380162605853997 ], [ -112.20614611035414, 33.380162676760733 ], [ -112.205457471965175, 33.380162741639886 ], [ -112.204764404339898, 33.380162802158331 ], [ -112.204074625548287, 33.380162862012263 ], [ -112.204021797843652, 33.377509432539178 ], [ -112.202705636376507, 33.377511384032672 ], [ -112.202669449373133, 33.377520589092015 ], [ -112.202648047161176, 33.377539454341608 ], [ -112.202640240833077, 33.377567253046273 ], [ -112.202685425957071, 33.379874393711439 ], [ -112.202849298425718, 33.379874382092844 ], [ -112.202854964151925, 33.380162954229668 ], [ -112.202691078244683, 33.380162965888346 ], [ -112.202622458191797, 33.380163244820004 ], [ -112.202703262581466, 33.384640648252379 ], [ -112.202848990122206, 33.391825570518108 ] ] ], [ [ [ -112.203227196677062, 33.49481395074924 ], [ -112.211885209868626, 33.494744535458416 ], [ -112.211907491863087, 33.480263912650983 ], [ -112.220369486137898, 33.480197347689789 ], [ -112.220528000482886, 33.465667999409355 ], [ -112.238140293246303, 33.46547859876204 ], [ -112.238080784768073, 33.465178499772129 ], [ -112.238106036072566, 33.464366275710077 ], [ -112.238066602067335, 33.464366377950789 ], [ -112.238168793227359, 33.461380303504257 ], [ -112.238164336760207, 33.461149914052122 ], [ -112.238703405055617, 33.461157661752758 ], [ -112.238705414968805, 33.46102798923814 ], [ -112.238554380382539, 33.460915082634997 ], [ -112.238359352837847, 33.459116464271951 ], [ -112.238345502164719, 33.458103254720754 ], [ -112.23851992262972, 33.451824394428598 ], [ -112.238525763843242, 33.451627928564228 ], [ -112.238338975581883, 33.451644362480209 ], [ -112.237949550889013, 33.451635189282364 ], [ -112.234046333202187, 33.451617988663301 ], [ -112.234046686915832, 33.451705938299227 ], [ -112.229756526949927, 33.451686764754172 ], [ -112.222483865501232, 33.451669730118425 ], [ -112.222484251082648, 33.451618997014499 ], [ -112.221864668105809, 33.451613479542779 ], [ -112.221464569673444, 33.451469193159014 ], [ -112.221398999465308, 33.451468969298986 ], [ -112.221397582639696, 33.449503870781243 ], [ -112.221364879275256, 33.449504006150391 ], [ -112.221363891756525, 33.44824184018249 ], [ -112.221449153463652, 33.448182172740296 ], [ -112.221451431685907, 33.448024421545178 ], [ -112.221445306537504, 33.448024266179416 ], [ -112.221439423803261, 33.448023917254375 ], [ -112.221431007409535, 33.448022791883091 ], [ -112.221420917259252, 33.448020411855659 ], [ -112.22141185471385, 33.448017218676227 ], [ -112.221401683341568, 33.448012220318418 ], [ -112.221393931880087, 33.448007151992456 ], [ -112.22138695766418, 33.448001345069457 ], [ -112.221380863157918, 33.447994879548794 ], [ -112.221376364126002, 33.447988814067571 ], [ -112.221372636143741, 33.447982391422791 ], [ -112.221369727850131, 33.447975679122351 ], [ -112.221367421666528, 33.447967667800135 ], [ -112.221366172068457, 33.447957287828345 ], [ -112.221365370184245, 33.446875521863767 ], [ -112.221368919527364, 33.446855477428741 ], [ -112.221379659511214, 33.446836718276749 ], [ -112.221394066481764, 33.44682325660105 ], [ -112.221412168991037, 33.446813414271588 ], [ -112.221430913536665, 33.446808157295642 ], [ -112.221431623544348, 33.446640872667771 ], [ -112.221367241473473, 33.446641030883775 ], [ -112.22136458931169, 33.445640678991808 ], [ -112.221363700416504, 33.444507796500886 ], [ -112.221360036916096, 33.444269958403879 ], [ -112.221379710440701, 33.444269994823038 ], [ -112.221377571804595, 33.44416005698347 ], [ -112.221357901518914, 33.444160016949141 ], [ -112.221292598063968, 33.440798634914685 ], [ -112.2213122708051, 33.440798671349022 ], [ -112.221310133450004, 33.440688733443153 ], [ -112.221290459655023, 33.440688696109291 ], [ -112.221225863087085, 33.437352380335547 ], [ -112.221285514548939, 33.43730076848086 ], [ -112.221493539978155, 33.437304613461301 ], [ -112.22157620922043, 33.437330577538269 ], [ -112.221690915935696, 33.437328447893442 ], [ -112.221772134566706, 33.437299447857313 ], [ -112.221875470896265, 33.437296942954639 ], [ -112.222063060549914, 33.437292394665093 ], [ -112.222626576786155, 33.437278730921868 ], [ -112.222937301339044, 33.437263716232366 ], [ -112.222936545580694, 33.437222171432801 ], [ -112.222933846397112, 33.437040719361988 ], [ -112.229569190419213, 33.436973256046947 ], [ -112.229659208371501, 33.436973454502557 ], [ -112.229730482502305, 33.436974189831155 ], [ -112.232852954563455, 33.437003943292368 ], [ -112.233199033998446, 33.437007295771629 ], [ -112.233878133880069, 33.437013868928837 ], [ -112.23403911598227, 33.437018846527153 ], [ -112.238115064962329, 33.437054797377485 ], [ -112.238293151008577, 33.437063899982292 ], [ -112.238398336161211, 33.437049101703209 ], [ -112.238592854079144, 33.437034761281453 ], [ -112.239405466787119, 33.436974856750588 ], [ -112.241472494876362, 33.436813427079656 ], [ -112.242877691623121, 33.436703665025 ], [ -112.246823996523091, 33.436395356375343 ], [ -112.253224447165039, 33.435844643363737 ], [ -112.253219015143472, 33.43579956059191 ], [ -112.254962042674862, 33.435659086759323 ], [ -112.255126640712476, 33.435645094180074 ], [ -112.255370319263577, 33.435627273240335 ], [ -112.255458605200758, 33.435632688452728 ], [ -112.25552238461124, 33.435599693316192 ], [ -112.255624926509853, 33.435601674567494 ], [ -112.255709112130944, 33.435628502602995 ], [ -112.255882348766463, 33.435628210146433 ], [ -112.256209559417584, 33.43562765830918 ], [ -112.257019152760378, 33.435626291319842 ], [ -112.257016950333053, 33.435672607653885 ], [ -112.263656601634537, 33.435645581646355 ], [ -112.263765103790561, 33.43564562158025 ], [ -112.264316383785598, 33.435649826734171 ], [ -112.268084286864934, 33.435635742459432 ], [ -112.269682092853401, 33.435629731438233 ], [ -112.269682415558904, 33.435576626867231 ], [ -112.272134454993562, 33.435566607950349 ], [ -112.272655717494374, 33.435556375400438 ], [ -112.27482869603466, 33.435536562163279 ], [ -112.27482866031616, 33.435587555034857 ], [ -112.276685822187062, 33.435565888747973 ], [ -112.281059115716488, 33.435514754902606 ], [ -112.285379864732818, 33.435451450177823 ], [ -112.289579046681709, 33.435394154830419 ], [ -112.289506420964742, 33.428160209054596 ], [ -112.289454848996627, 33.42107393841659 ], [ -112.289321921150062, 33.413682092642262 ], [ -112.289340220527251, 33.413683488508823 ], [ -112.289280393895169, 33.410045493235749 ], [ -112.289249613196716, 33.41004344503807 ], [ -112.289186162680082, 33.406546521397956 ], [ -112.28918588131225, 33.406305533727547 ], [ -112.289175412648561, 33.405537905854899 ], [ -112.289106704843803, 33.402743045554551 ], [ -112.289026814544897, 33.40274173529739 ], [ -112.288947757506847, 33.399506652467231 ], [ -112.289029603061707, 33.399506339267596 ], [ -112.289019869679876, 33.399097734402424 ], [ -112.288929704855107, 33.395535481396813 ], [ -112.288925649354596, 33.39537520787232 ], [ -112.288917321200913, 33.395046325223973 ], [ -112.288907163187474, 33.394644991752948 ], [ -112.288886906785905, 33.393844633810865 ], [ -112.288875524950925, 33.393394929391093 ], [ -112.28884421084625, 33.391872602960547 ], [ -112.288800610799058, 33.389810940380741 ], [ -112.288748634229094, 33.387326055253659 ], [ -112.288733804313367, 33.386742445987458 ], [ -112.288735097915961, 33.386582595321194 ], [ -112.28897371454795, 33.386487786097931 ], [ -112.288944015767143, 33.384974796608724 ], [ -112.288947319185738, 33.383013253380547 ], [ -112.2889552954653, 33.380722917879346 ], [ -112.288739093842054, 33.380722738385352 ], [ -112.288738078921853, 33.381013642979596 ], [ -112.288715147410656, 33.381013719832026 ], [ -112.288713796789267, 33.381401217787136 ], [ -112.288614659718235, 33.381403070341875 ], [ -112.288612704808571, 33.381051696452502 ], [ -112.286701371244789, 33.381045348902553 ], [ -112.284568157788556, 33.381042021989131 ], [ -112.284612924373064, 33.384812144649004 ], [ -112.271848868978211, 33.384784847634471 ], [ -112.271793317377998, 33.383195230164596 ], [ -112.271614049932438, 33.383162470946033 ], [ -112.271550693605434, 33.383150344743264 ], [ -112.271454799805042, 33.383135722724163 ], [ -112.271406539700294, 33.383130023026595 ], [ -112.271341941440511, 33.383124111208652 ], [ -112.271244676668275, 33.383118865263562 ], [ -112.271147216778289, 33.383117977738472 ], [ -112.271082270560356, 33.383119812422798 ], [ -112.271033638058228, 33.383122458019173 ], [ -112.270968953847529, 33.383127677797525 ], [ -112.270920609988025, 33.383132856316031 ], [ -112.270824499664883, 33.383146452375975 ], [ -112.270729393339295, 33.383164326791729 ], [ -112.270682299651199, 33.383174855974119 ], [ -112.270620058864807, 33.38319052296653 ], [ -112.270558524189624, 33.383208040917779 ], [ -112.270512880768422, 33.383222377406916 ], [ -112.270423042152657, 33.383254089460799 ], [ -112.270378914562798, 33.383271438684531 ], [ -112.270320963147256, 33.383296100432119 ], [ -112.270236082494662, 33.383336295889556 ], [ -112.270153883531762, 33.383380229333135 ], [ -112.270100684876553, 33.383411536531675 ], [ -112.270050519216056, 33.383445734954556 ], [ -112.270028229484609, 33.383465136374127 ], [ -112.26999486547713, 33.383494289692131 ], [ -112.269961584499868, 33.383523514901164 ], [ -112.269917344590439, 33.383562582740623 ], [ -112.269873250230148, 33.383601770978501 ], [ -112.269829306785823, 33.383641077796185 ], [ -112.26978551425016, 33.383680501390486 ], [ -112.269692000711814, 33.383754929909209 ], [ -112.269654311204661, 33.383780586003219 ], [ -112.269615744040735, 33.383805302300068 ], [ -112.269549599799504, 33.38384435835421 ], [ -112.269508846606769, 33.383866472201227 ], [ -112.269467339076002, 33.383887574662971 ], [ -112.269425112604338, 33.383907647603962 ], [ -112.269382203663824, 33.383926672885742 ], [ -112.269309268968883, 33.383956010599555 ], [ -112.26926471679829, 33.383972165874901 ], [ -112.269219622753667, 33.383987220790345 ], [ -112.269143354587968, 33.384009823124231 ], [ -112.269090585335093, 33.384024932250377 ], [ -112.269051013481132, 33.384036994897478 ], [ -112.268941899267261, 33.384065167310972 ], [ -112.268847321511998, 33.384086257872639 ], [ -112.268735932922766, 33.384107255382574 ], [ -112.268623595522172, 33.384124331264402 ], [ -112.268510505911962, 33.384137458808702 ], [ -112.268413122981869, 33.384145551705004 ], [ -112.268299160904334, 33.384151292059393 ], [ -112.268185012892772, 33.384153032873733 ], [ -112.268070877812335, 33.384150775387802 ], [ -112.267956955613883, 33.38414452354418 ], [ -112.267859627249663, 33.384135993827165 ], [ -112.267746623397059, 33.384122354230144 ], [ -112.267650373616362, 33.384107523792089 ], [ -112.267554817382461, 33.384089811273618 ], [ -112.267444377413739, 33.384065539365643 ], [ -112.267310073278395, 33.384019655091954 ], [ -112.267176273570385, 33.383972746714342 ], [ -112.267074024963279, 33.383932350502228 ], [ -112.266970826817513, 33.383893691765202 ], [ -112.266881649722507, 33.383861949131365 ], [ -112.266776803127115, 33.383826551841004 ], [ -112.26667112643149, 33.383792928652326 ], [ -112.266579924801135, 33.38376553772666 ], [ -112.266472826720857, 33.38373525197818 ], [ -112.266380464082943, 33.383710736107233 ], [ -112.266303168557272, 33.383693495961424 ], [ -112.266256547218788, 33.383683944775939 ], [ -112.266194123354211, 33.38367214594119 ], [ -112.266131428627617, 33.383661416357825 ], [ -112.266084243287153, 33.383654076774036 ], [ -112.26603693031781, 33.383647341673786 ], [ -112.265973662772026, 33.383639307015365 ], [ -112.265926092181189, 33.383633996389776 ], [ -112.265878429441614, 33.383629293754282 ], [ -112.265814757909482, 33.38362397879154 ], [ -112.265750080588546, 33.383623028171378 ], [ -112.265685093212184, 33.383623026982931 ], [ -112.265636354276765, 33.383622820476013 ], [ -112.265555124343322, 33.38362207589379 ], [ -112.265490146065886, 33.383621123279021 ], [ -112.265392697236763, 33.383619099566459 ], [ -112.265343979819434, 33.383617820757152 ], [ -112.265262969890003, 33.383620491925512 ], [ -112.265198113769941, 33.383623755186818 ], [ -112.265138193389333, 33.383625165078989 ], [ -112.265100679123918, 33.38362528662757 ], [ -112.265051957386319, 33.383624541525073 ], [ -112.265003274597035, 33.383622781876127 ], [ -112.264938471549186, 33.38361887088864 ], [ -112.264889988987136, 33.383614760790394 ], [ -112.264841640020336, 33.383609650307726 ], [ -112.26480949866945, 33.38360568640023 ], [ -112.264761432887099, 33.383599351478367 ], [ -112.264697525015222, 33.383589998770304 ], [ -112.264617959044855, 33.383576864893364 ], [ -112.264554590167521, 33.383565202235921 ], [ -112.264444383019708, 33.383542342675078 ], [ -112.264366255405122, 33.383524117186852 ], [ -112.264288143412841, 33.383504407399165 ], [ -112.264209231817858, 33.383486056867035 ], [ -112.264145642973119, 33.383472836469963 ], [ -112.264065648633718, 33.38345815611153 ], [ -112.263985158406584, 33.383445532976367 ], [ -112.263904243274197, 33.383434979488804 ], [ -112.263806694522486, 33.383425061284179 ], [ -112.263727153048208, 33.383418022291963 ], [ -112.263648892560781, 33.383410928270465 ], [ -112.263586257960952, 33.383405471303554 ], [ -112.263523599403371, 33.383400204631698 ], [ -112.263460776734078, 33.383394479418889 ], [ -112.263397296391432, 33.3833885116494 ], [ -112.26334949334337, 33.383385762428262 ], [ -112.263301605878112, 33.383384491318935 ], [ -112.263221772487, 33.383385670957203 ], [ -112.263142178980658, 33.38339096615784 ], [ -112.263078874437412, 33.383398154512477 ], [ -112.262982513642953, 33.38340020157635 ], [ -112.262917600041959, 33.383398164485818 ], [ -112.262852667951805, 33.38339661433362 ], [ -112.262787722731233, 33.383395547497912 ], [ -112.262706528888785, 33.383394902842475 ], [ -112.262625332676208, 33.383395016474466 ], [ -112.262544144860939, 33.383395893774079 ], [ -112.262462970797088, 33.383397530217962 ], [ -112.262398048964158, 33.383399384637485 ], [ -112.26231693297531, 33.383402389612343 ], [ -112.262219651482724, 33.383406996785183 ], [ -112.262090074577316, 33.383414841616222 ], [ -112.26197684818375, 33.383423299971092 ], [ -112.261879932149199, 33.383431729992211 ], [ -112.261799277031614, 33.383439586323654 ], [ -112.261702894511672, 33.383451120195332 ], [ -112.261623624267003, 33.383465371062044 ], [ -112.261528302046017, 33.383481678183109 ], [ -112.261432774307096, 33.383497120165082 ], [ -112.261353020815875, 33.383509321724198 ], [ -112.261273135940741, 33.383520919454455 ], [ -112.261177114202425, 33.383534038015775 ], [ -112.261096972515105, 33.383544302723855 ], [ -112.261000661716551, 33.383555816014194 ], [ -112.260872026586668, 33.383569804787072 ], [ -112.260727039591117, 33.383583677350281 ], [ -112.260614097161536, 33.383593098500256 ], [ -112.260517203740605, 33.383599710459812 ], [ -112.260404225930358, 33.383603975567311 ], [ -112.26027510520251, 33.3836087739869 ], [ -112.26014598306179, 33.383613490220966 ], [ -112.25995228632209, 33.383620411067845 ], [ -112.259839293236894, 33.383624359205022 ], [ -112.259694008836561, 33.383629347785899 ], [ -112.25956474087458, 33.383634171121379 ], [ -112.259450877286639, 33.38364171730997 ], [ -112.259369591509824, 33.383647556691145 ], [ -112.25928834586864, 33.383653766509063 ], [ -112.259174672994732, 33.383663090080489 ], [ -112.259077308763338, 33.38367166162098 ], [ -112.258963805617199, 33.383682344302478 ], [ -112.258866593145356, 33.383692077557185 ], [ -112.258801831133241, 33.383698865589842 ], [ -112.25873710444418, 33.38370589334496 ], [ -112.258640770566899, 33.383716580710662 ], [ -112.258545742684163, 33.38372619498211 ], [ -112.258466450783985, 33.383733461089598 ], [ -112.258402954497498, 33.383738782863006 ], [ -112.258307619263491, 33.383745949669049 ], [ -112.258228095762078, 33.383751170292911 ], [ -112.258164436125597, 33.38375485579904 ], [ -112.258100742526025, 33.383758103137282 ], [ -112.258019841241392, 33.383761167834052 ], [ -112.257970801747575, 33.383762731896098 ], [ -112.257889059945711, 33.383765248778744 ], [ -112.257758263579504, 33.383769051901893 ], [ -112.257627457528656, 33.383772579893794 ], [ -112.257480289727951, 33.383776213992064 ], [ -112.257267690079672, 33.383780843531348 ], [ -112.257087783906456, 33.383784186479531 ], [ -112.256924221871898, 33.383786771113655 ], [ -112.25674429242909, 33.383789113636794 ], [ -112.256564353387546, 33.383790925722728 ], [ -112.256433484712616, 33.383791916131294 ], [ -112.256269896534675, 33.383792762388886 ], [ -112.256089942425177, 33.383793191514215 ], [ -112.255942711878475, 33.383793151315878 ], [ -112.255811838055166, 33.383792819183235 ], [ -112.255697326747452, 33.383792302455092 ], [ -112.255582814614513, 33.383791572821117 ], [ -112.255386514620682, 33.38378982465921 ], [ -112.255222939303096, 33.383787891347914 ], [ -112.25504301632661, 33.383785259384418 ], [ -112.254846748393717, 33.383781792532794 ], [ -112.254666851292157, 33.383778064381509 ], [ -112.25451967639745, 33.383774622914572 ], [ -112.254289736518899, 33.383769292837478 ], [ -112.254156802729881, 33.383751550830311 ], [ -112.254108589279426, 33.383744934456871 ], [ -112.254044424275179, 33.383735535480497 ], [ -112.253964415455272, 33.383722860350815 ], [ -112.25390058119514, 33.383711982506121 ], [ -112.253821017788255, 33.383697459381168 ], [ -112.253757568037599, 33.383685107031766 ], [ -112.253678515679013, 33.383668751965459 ], [ -112.253599773283966, 33.383651381588749 ], [ -112.253537010238418, 33.383636754062998 ], [ -112.253474466161222, 33.383621486602145 ], [ -112.253381083423832, 33.383597377694137 ], [ -112.253272825215717, 33.383567438956284 ], [ -112.253180659178327, 33.383540230141008 ], [ -112.25301344243114, 33.383486825428918 ], [ -112.25283239290674, 33.383427845741551 ], [ -112.252650842661566, 33.383369959109316 ], [ -112.252468802441385, 33.383313166402694 ], [ -112.252302564751801, 33.38326202586817 ], [ -112.252152497328169, 33.383214911702403 ], [ -112.251972999004934, 33.38315709517228 ], [ -112.25176407760641, 33.383087781725699 ], [ -112.251627449730336, 33.383041627923376 ], [ -112.251475815776459, 33.382989979780582 ], [ -112.251278970444687, 33.382922262319404 ], [ -112.251085269281447, 33.382858760563344 ], [ -112.250903961107241, 33.382806787701867 ], [ -112.250716870816504, 33.382761049199324 ], [ -112.250525388961236, 33.38272401556965 ], [ -112.250315444682627, 33.382694465836479 ], [ -112.250126270510847, 33.382675947320926 ], [ -112.249958544223702, 33.382657945312765 ], [ -112.249790433470977, 33.382638036100424 ], [ -112.249633087808391, 33.382620572062351 ], [ -112.24950403746783, 33.382613730689606 ], [ -112.249374727007549, 33.38261421804151 ], [ -112.249181078221952, 33.382628319360727 ], [ -112.249019346658869, 33.38264624651795 ], [ -112.248858109827438, 33.382667100880482 ], [ -112.248697451512527, 33.382690873209079 ], [ -112.248489575864753, 33.382726122239795 ], [ -112.248314841176452, 33.382759715210739 ], [ -112.248173179492809, 33.382789309811969 ], [ -112.248000799325808, 33.382827961835133 ], [ -112.247844870103947, 33.382865453414269 ], [ -112.247689726304372, 33.3829051780314 ], [ -112.247489289043827, 33.382960135772109 ], [ -112.247290359634476, 33.383018819529298 ], [ -112.246724589941792, 33.383191077694676 ], [ -112.246496049307112, 33.383262332951887 ], [ -112.24626898770795, 33.383336840821919 ], [ -112.246193613131595, 33.38336156464603 ], [ -112.246117743226989, 33.383385204085599 ], [ -112.246042884716772, 33.383411130225525 ], [ -112.245966096081276, 33.383432576357308 ], [ -112.245888876532376, 33.383452916290082 ], [ -112.245811257218577, 33.383472143628531 ], [ -112.245731769003953, 33.383486874558805 ], [ -112.245654894469624, 33.383507240482658 ], [ -112.245091721414113, 33.383585964832136 ], [ -112.24453027444028, 33.383669232977716 ], [ -112.244418122395729, 33.383684428061962 ], [ -112.244289484045012, 33.383699199479558 ], [ -112.244161918428759, 33.383714570272865 ], [ -112.244048734013887, 33.383722773216775 ], [ -112.243919147610711, 33.383729529686391 ], [ -112.24380413511949, 33.383729764345752 ], [ -112.243674312983913, 33.383731268745571 ], [ -112.243544483600687, 33.383729975937726 ], [ -112.243430993234938, 33.383729106161688 ], [ -112.243220313349639, 33.38373396717985 ], [ -112.243026282185724, 33.383745916557316 ], [ -112.242833067630997, 33.383765006798299 ], [ -112.242672943617265, 33.383786342541327 ], [ -112.242577355178469, 33.383801497867339 ], [ -112.242482548858163, 33.383818294876214 ], [ -112.242388177483988, 33.383836734480845 ], [ -112.242278683008706, 33.383860320047944 ], [ -112.242185393110091, 33.383882296758031 ], [ -112.242092669182981, 33.38390589227933 ], [ -112.242000544508699, 33.383931097508764 ], [ -112.241909068470804, 33.383957897891051 ], [ -112.241803207234852, 33.383991169560019 ], [ -112.241716790505734, 33.384021197277754 ], [ -112.240673976100169, 33.384383403302508 ], [ -112.240601069725301, 33.384413248898575 ], [ -112.240561078398841, 33.384434472114201 ], [ -112.24051433617997, 33.38446589589379 ], [ -112.240462620587707, 33.384506874479811 ], [ -112.240400157431353, 33.384567526538802 ], [ -112.240334763240284, 33.384618935611115 ], [ -112.240237439952509, 33.384692467381051 ], [ -112.240173771286251, 33.384733007218294 ], [ -112.240107577590379, 33.384778438142398 ], [ -112.240017179762191, 33.384842260159253 ], [ -112.239953502490948, 33.384891858440511 ], [ -112.239912136555034, 33.384921638606812 ], [ -112.239795608337005, 33.385020172042424 ], [ -112.239719566178607, 33.385084704882487 ], [ -112.239683213149249, 33.3851118650934 ], [ -112.239464293054212, 33.385297619730814 ], [ -112.239425227107859, 33.385327445149578 ], [ -112.239373927177468, 33.385370362669256 ], [ -112.239325173329604, 33.385414101314474 ], [ -112.239287436419517, 33.385444676158727 ], [ -112.239226655031331, 33.385495440558415 ], [ -112.239179504969485, 33.385531968546999 ], [ -112.239093154580772, 33.38560188391746 ], [ -112.238957250890635, 33.38572913571987 ], [ -112.238926333572522, 33.385760264426388 ], [ -112.238889387190142, 33.385804167009411 ], [ -112.238859128705826, 33.385835294890235 ], [ -112.238787041686706, 33.385918477683987 ], [ -112.238755046509397, 33.385952325081789 ], [ -112.238701072672256, 33.386014765774725 ], [ -112.238565336220958, 33.386182476235732 ], [ -112.238500567496061, 33.386253731055227 ], [ -112.238427311983557, 33.386342611838558 ], [ -112.238395535472094, 33.386380751595262 ], [ -112.238299312539425, 33.386496917029248 ], [ -112.238245550158254, 33.386562668937053 ], [ -112.238194385880178, 33.386623227480833 ], [ -112.238112332402352, 33.386715442830791 ], [ -112.238023939668793, 33.386817725850044 ], [ -112.237951041013275, 33.386897807483692 ], [ -112.237926530192141, 33.386924250322977 ], [ -112.237776581514325, 33.387080104101003 ], [ -112.237741365299627, 33.387120118215336 ], [ -112.23768882758381, 33.387181513276346 ], [ -112.237632860930432, 33.387245244483942 ], [ -112.237595942214682, 33.387289124963317 ], [ -112.237514908626551, 33.387377539292451 ], [ -112.237475441551965, 33.387418864578372 ], [ -112.237428748112606, 33.387461672897494 ], [ -112.23736249689081, 33.387511708409122 ], [ -112.237282896750287, 33.38756937704094 ], [ -112.237218616048366, 33.387609279430642 ], [ -112.237120874905145, 33.387664291498304 ], [ -112.237125574291312, 33.391805951263976 ], [ -112.237020118840704, 33.391804657262718 ], [ -112.236903842250641, 33.391806345079814 ], [ -112.236867774992675, 33.399067303157182 ], [ -112.237083513362521, 33.399055615652678 ], [ -112.237329622103601, 33.399068526221477 ], [ -112.237438214705037, 33.399074226560224 ], [ -112.239323747428713, 33.399069005449739 ], [ -112.239326034811697, 33.400015138989083 ], [ -112.239319186543256, 33.400199466785523 ], [ -112.239320766245555, 33.402697220383949 ], [ -112.239943927443363, 33.402698654292948 ], [ -112.241962417927638, 33.402703155347375 ], [ -112.243609005993619, 33.402706803327554 ], [ -112.245300121958053, 33.402710389079715 ], [ -112.245518617666406, 33.402710846263204 ], [ -112.24562016353255, 33.402710444550671 ], [ -112.245640853104689, 33.399857403924585 ], [ -112.245642226973004, 33.399664831628023 ], [ -112.245645270408133, 33.399028083942248 ], [ -112.246047730113489, 33.399028201161677 ], [ -112.253947609845255, 33.399031773829606 ], [ -112.253952369130033, 33.402775911401115 ], [ -112.253953136623352, 33.402871874810479 ], [ -112.253955905499012, 33.40295410255397 ], [ -112.253960624297036, 33.403036263680065 ], [ -112.253977523875648, 33.403213911742093 ], [ -112.253990399750478, 33.403309270548576 ], [ -112.254003533925626, 33.403390785713952 ], [ -112.254035588790146, 33.403553081647331 ], [ -112.25405449740984, 33.403633796622373 ], [ -112.254078970496195, 33.403727540489115 ], [ -112.254102007789456, 33.403807497617748 ], [ -112.254126937864015, 33.403887053745855 ], [ -112.254158397717205, 33.403979322341399 ], [ -112.254187390072389, 33.404057901682464 ], [ -112.254223561711456, 33.404148948258786 ], [ -112.254457698579614, 33.404695704780309 ], [ -112.254506798864881, 33.404826785007451 ], [ -112.254555626188051, 33.404978962179882 ], [ -112.254598649662299, 33.40513318937586 ], [ -112.254614682142787, 33.405200560571174 ], [ -112.254629299624696, 33.405268158338167 ], [ -112.254642495570536, 33.405335961054291 ], [ -112.254662658167859, 33.405458456469368 ], [ -112.254678181458686, 33.405581427090127 ], [ -112.254689049887034, 33.405704747624057 ], [ -112.254728708035586, 33.406421386295925 ], [ -112.254746389072736, 33.406674178958369 ], [ -112.252955679212093, 33.406872179951655 ], [ -112.253078831760263, 33.410414975719142 ], [ -112.246676482505848, 33.411116353606445 ], [ -112.246622619550678, 33.411122256934654 ], [ -112.245609298689359, 33.411233333126667 ], [ -112.244542087207918, 33.41135030444967 ], [ -112.242407646833101, 33.411584221426963 ], [ -112.242331047579356, 33.409763250850602 ], [ -112.242273774130055, 33.40840164081807 ], [ -112.242258454610678, 33.408037396047078 ], [ -112.240127245767809, 33.408273424756388 ], [ -112.238092321255749, 33.408498751926324 ], [ -112.238095139730135, 33.408532761343174 ], [ -112.237878726756634, 33.408533110802836 ], [ -112.22968888342065, 33.408545632921516 ], [ -112.227101889335501, 33.408558030665034 ], [ -112.225192156589998, 33.408562458742814 ], [ -112.224094360320763, 33.408565768913014 ], [ -112.221285245458589, 33.408554239651615 ], [ -112.221262306547388, 33.408554304083232 ], [ -112.221254117299168, 33.408334681091979 ], [ -112.221214062463346, 33.40833479294124 ], [ -112.221212463721486, 33.408301821591046 ], [ -112.221251790729568, 33.408301725054599 ], [ -112.221122351176689, 33.405158405414319 ], [ -112.220369659380523, 33.405167049765019 ], [ -112.219711870814251, 33.405041102190282 ], [ -112.219122188083972, 33.404821469459634 ], [ -112.218709922573851, 33.404623228793511 ], [ -112.217061331446359, 33.403753926460119 ], [ -112.217055108726427, 33.408566124821341 ], [ -112.212722561608501, 33.408578152556196 ], [ -112.212722787705204, 33.408558913278846 ], [ -112.20890236750212, 33.408529423589648 ], [ -112.208901287474589, 33.403677444698381 ], [ -112.208761377632499, 33.403694393435856 ], [ -112.208760939591571, 33.403651519345324 ], [ -112.207818334964358, 33.403890313857758 ], [ -112.207516782109039, 33.403966706492184 ], [ -112.20739261152606, 33.403993901628979 ], [ -112.207331426824879, 33.404005956479999 ], [ -112.207146456047852, 33.40403674550447 ], [ -112.207085358421381, 33.404044617025725 ], [ -112.207022139480742, 33.404052762188648 ], [ -112.206946212686375, 33.404060151664929 ], [ -112.206883638401692, 33.404066245676091 ], [ -112.205606910060766, 33.404151765450003 ], [ -112.204103321447022, 33.404235414622171 ], [ -112.204109047519552, 33.408161698078224 ], [ -112.204289273531899, 33.408163100055923 ], [ -112.20428929316769, 33.408190589341757 ], [ -112.204358174341351, 33.408248819452062 ], [ -112.204436849346905, 33.408249437715433 ], [ -112.204435704689431, 33.408565500941521 ], [ -112.204287207230863, 33.408688035996533 ], [ -112.204281361897458, 33.409361438885973 ], [ -112.20420948402959, 33.409360813791672 ], [ -112.204183266989034, 33.412497596497801 ], [ -112.207702606375932, 33.412522203671934 ], [ -112.207707330608699, 33.412024755645561 ], [ -112.208382404042638, 33.412029464084952 ], [ -112.210923971354646, 33.412046655727359 ], [ -112.211087823244654, 33.412047834160987 ], [ -112.21268557148889, 33.412059308030734 ], [ -112.212679285513687, 33.412650278157805 ], [ -112.212676313445144, 33.412929752613834 ], [ -112.212670537169672, 33.413472903261365 ], [ -112.212668201578424, 33.413692472466046 ], [ -112.212666668366055, 33.413836691696318 ], [ -112.212664553554347, 33.41403545267837 ], [ -112.212662215703418, 33.414255312216639 ], [ -112.212661845775969, 33.414290160286257 ], [ -112.212659877857291, 33.41447517535395 ], [ -112.212657536768901, 33.414695035786082 ], [ -112.212657019934682, 33.414743630654236 ], [ -112.212655197832675, 33.414914898910382 ], [ -112.212652859951959, 33.415134758417587 ], [ -112.212652197281216, 33.415197099178023 ], [ -112.212650522076032, 33.41535462152379 ], [ -112.212647376278483, 33.415650429704328 ], [ -112.209601887592939, 33.415631622437111 ], [ -112.204157338096451, 33.415597812018923 ], [ -112.203901730939066, 33.415594438397548 ], [ -112.203911378804705, 33.414326864936001 ], [ -112.202770340270078, 33.4143162239817 ], [ -112.202780948275674, 33.413049865382469 ], [ -112.203922975423779, 33.413063405681882 ], [ -112.203932901337211, 33.411740274436816 ], [ -112.202105842442819, 33.411719901914744 ], [ -112.20203763585738, 33.413041045463963 ], [ -112.201491373198238, 33.413028596677513 ], [ -112.19893664631222, 33.41299823926667 ], [ -112.195412285639719, 33.412956272319541 ], [ -112.195444641295225, 33.409455073327344 ], [ -112.195453866554104, 33.408456305843679 ], [ -112.195454376871112, 33.408401328725013 ], [ -112.195455392090906, 33.408291362776218 ], [ -112.195446882640738, 33.408200564101769 ], [ -112.199778149898279, 33.408262896547328 ], [ -112.202846933839112, 33.408294979374915 ], [ -112.202819016230464, 33.409624084216503 ], [ -112.203951518513378, 33.409638476832207 ], [ -112.203960070722331, 33.408616044487388 ], [ -112.203829929945982, 33.408504449778846 ], [ -112.203829989628233, 33.408303339117722 ], [ -112.203998735908669, 33.408305476824196 ], [ -112.203995959887095, 33.40692964054746 ], [ -112.203993222082033, 33.404769105078131 ], [ -112.203985789217214, 33.401137190252484 ], [ -112.203306979845465, 33.396521416423163 ], [ -112.203234093820697, 33.396518934644789 ], [ -112.19447804053631, 33.396220337089112 ], [ -112.194479774404087, 33.396242270800336 ], [ -112.190680897400838, 33.396121146574551 ], [ -112.185945835162826, 33.395970719429677 ], [ -112.186212398250333, 33.39999189684589 ], [ -112.186323411701693, 33.402000428151126 ], [ -112.186451791876195, 33.40400853680822 ], [ -112.186345377498498, 33.404003496768787 ], [ -112.186467422867864, 33.405875347553888 ], [ -112.186600797968481, 33.407920615763075 ], [ -112.186616212553659, 33.408058400471411 ], [ -112.18662148924443, 33.408137976992471 ], [ -112.186502888168008, 33.408136984318546 ], [ -112.186394029129957, 33.40813607224581 ], [ -112.186396913035509, 33.408017228601835 ], [ -112.177911703036244, 33.407874191591191 ], [ -112.177912060267133, 33.409126699439696 ], [ -112.17791215924467, 33.409472590209603 ], [ -112.177594922793247, 33.409624928003446 ], [ -112.175570939756341, 33.410595080583114 ], [ -112.175571163637329, 33.411463448013833 ], [ -112.17402915916189, 33.41143534460214 ], [ -112.174029041137629, 33.410978635424257 ], [ -112.175569924358257, 33.410243768912913 ], [ -112.175569827571039, 33.409866502459693 ], [ -112.174028764658019, 33.409840038095744 ], [ -112.173240503603694, 33.40983007116516 ], [ -112.17324125161349, 33.40874238711227 ], [ -112.173035201054674, 33.408738844637888 ], [ -112.169696155357101, 33.409664916282196 ], [ -112.169636426238625, 33.409682328257304 ], [ -112.169639157495482, 33.409529272817117 ], [ -112.169637465624263, 33.409403309080041 ], [ -112.169636102147379, 33.409301615845671 ], [ -112.169634901796968, 33.409212059217147 ], [ -112.169632514969777, 33.409032907154689 ], [ -112.16971692188433, 33.409026026352691 ], [ -112.169673239556005, 33.408548273430334 ], [ -112.169591548480113, 33.408553524696025 ], [ -112.169519453569507, 33.407765946217062 ], [ -112.169206530639187, 33.404379830838913 ], [ -112.169201631123883, 33.404322116359246 ], [ -112.169196110579094, 33.404251149881858 ], [ -112.169092989638628, 33.40350735470777 ], [ -112.169411040777518, 33.403517841533336 ], [ -112.169049657885523, 33.403164264676526 ], [ -112.168963687256607, 33.402515847420482 ], [ -112.168849742581557, 33.402526778682741 ], [ -112.168698665007724, 33.401383724988023 ], [ -112.168665537137741, 33.40138254971918 ], [ -112.168525970932393, 33.400333288374803 ], [ -112.168613703530994, 33.400336199519259 ], [ -112.168563437540215, 33.39928425265478 ], [ -112.169284860116619, 33.399312472071713 ], [ -112.16994566488512, 33.399339685704881 ], [ -112.170904523610844, 33.399378470270051 ], [ -112.171580962818581, 33.399405830713619 ], [ -112.172778735189127, 33.399454262075039 ], [ -112.172877880596488, 33.399458271078359 ], [ -112.174242506730252, 33.399513436505032 ], [ -112.175823477371537, 33.399580842117032 ], [ -112.177151128313298, 33.39963096894531 ], [ -112.17735391082681, 33.399639159805389 ], [ -112.177296918751921, 33.398860822689571 ], [ -112.177276918128769, 33.398523776471237 ], [ -112.177242739705605, 33.398075914220904 ], [ -112.177183282941954, 33.397167266595709 ], [ -112.177090001294744, 33.395815815977578 ], [ -112.177929473112187, 33.395829412934098 ], [ -112.178232857561298, 33.395834325649361 ], [ -112.178729058134635, 33.395842358968331 ], [ -112.178884547961175, 33.395844878102487 ], [ -112.179244956652937, 33.395850709307823 ], [ -112.181943380646842, 33.395894350468673 ], [ -112.185593630098296, 33.395961467937482 ], [ -112.185516293886067, 33.394754967286921 ], [ -112.185335509598076, 33.391933952637665 ], [ -112.185335191652214, 33.391930534957062 ], [ -112.185247140416195, 33.391930836454378 ], [ -112.185196514771775, 33.391931010026767 ], [ -112.185148736595025, 33.391931172909899 ], [ -112.185061990312761, 33.391931469649357 ], [ -112.184986336160918, 33.391931728821341 ], [ -112.18489504080172, 33.391932040689589 ], [ -112.184727810733676, 33.391932613012919 ], [ -112.184581910358858, 33.391933112015209 ], [ -112.184120315822867, 33.391934688341848 ], [ -112.183676075893089, 33.391936203973579 ], [ -112.183237519055567, 33.391937698594624 ], [ -112.182797829224086, 33.391939195898907 ], [ -112.182342492782709, 33.391940744979358 ], [ -112.181891421609464, 33.39194227786367 ], [ -112.181520839601987, 33.391943535467803 ], [ -112.181101626966608, 33.391944958713957 ], [ -112.180713693549109, 33.391946287848135 ], [ -112.180511481095039, 33.391946980311658 ], [ -112.180263195262683, 33.39194782982635 ], [ -112.179915652055158, 33.391949018371925 ], [ -112.179584314378104, 33.391950149972637 ], [ -112.179475955626785, 33.391950520151902 ], [ -112.179262085592484, 33.391951250594808 ], [ -112.179116184051693, 33.391951748584155 ], [ -112.178737636763472, 33.391953039067936 ], [ -112.178400042974872, 33.39195418793134 ], [ -112.178045671737706, 33.391955385640223 ], [ -112.177651203670706, 33.391956718062445 ], [ -112.175769571693721, 33.391963093571391 ], [ -112.174681712907997, 33.391966780205038 ], [ -112.173703358670124, 33.39197008808295 ], [ -112.168182540452008, 33.391988608787699 ], [ -112.168171111420776, 33.388076727882158 ], [ -112.168148122885725, 33.380132163343568 ], [ -112.168140605692372, 33.377522309665025 ], [ -112.162339897518223, 33.377552311488948 ], [ -112.151625125184978, 33.377604257885949 ], [ -112.151052147655321, 33.377606325777663 ], [ -112.151012125412763, 33.377340108513863 ], [ -112.151024372124667, 33.37886311303631 ], [ -112.151078881612321, 33.385641052743345 ], [ -112.151131619831602, 33.392193304546758 ], [ -112.153537517925145, 33.392186435600614 ], [ -112.153537024117242, 33.392598828721511 ], [ -112.153061936361567, 33.392600290042516 ], [ -112.153060775567923, 33.395675304124659 ], [ -112.154137039679682, 33.395672243873932 ], [ -112.154138430067235, 33.39195362961302 ], [ -112.157373491234026, 33.391942631691393 ], [ -112.157374956055165, 33.393891988675271 ], [ -112.157376387430872, 33.395662974019366 ], [ -112.158459259931647, 33.395659857152992 ], [ -112.15845604350946, 33.393887652639876 ], [ -112.158452662354605, 33.391937793604761 ], [ -112.159539459146117, 33.39192724234077 ], [ -112.159544075014949, 33.390755005845691 ], [ -112.159546098999343, 33.390240913298356 ], [ -112.160626501493553, 33.390237727520443 ], [ -112.160622605283336, 33.391924045764355 ], [ -112.161705751290199, 33.391920843341673 ], [ -112.161705819819446, 33.39180505500331 ], [ -112.164617307726132, 33.391796557208892 ], [ -112.164618998980075, 33.3919723578353 ], [ -112.164619985857286, 33.392209004342654 ], [ -112.165513626092718, 33.392206333808133 ], [ -112.166021760123485, 33.392204810730512 ], [ -112.166023516184254, 33.392941387170772 ], [ -112.166030913461, 33.396041022864104 ], [ -112.16671990824581, 33.395766643066828 ], [ -112.168061749789729, 33.395705602454441 ], [ -112.168061933397198, 33.395774227343765 ], [ -112.168066896458583, 33.397428495591093 ], [ -112.168072194704521, 33.399269579933325 ], [ -112.168023166452144, 33.399269726142549 ], [ -112.168138250960382, 33.400183668404033 ], [ -112.167663108332036, 33.400120790528234 ], [ -112.167775114524034, 33.400965583828267 ], [ -112.167756121527404, 33.400962912636487 ], [ -112.167832176935178, 33.401536539190744 ], [ -112.167850482028967, 33.401539211762795 ], [ -112.168057754039395, 33.403103980304685 ], [ -112.167952266296979, 33.403103784601512 ], [ -112.167843884434888, 33.403103580239836 ], [ -112.167843913697141, 33.403089838192493 ], [ -112.167690954955802, 33.403089598587087 ], [ -112.16761941620112, 33.403105974887367 ], [ -112.167359195429739, 33.403106527948033 ], [ -112.166376124371041, 33.403118530850733 ], [ -112.164292242722667, 33.403112645781491 ], [ -112.164292355025012, 33.403063174394717 ], [ -112.163930017392886, 33.40306671118033 ], [ -112.163929171666794, 33.403116175913425 ], [ -112.162078856676146, 33.403113181138984 ], [ -112.162078945236971, 33.403074703390367 ], [ -112.162036346380759, 33.403074634344868 ], [ -112.162036257801148, 33.403113112093536 ], [ -112.161974751532355, 33.403113010982644 ], [ -112.161915874576479, 33.403063436183466 ], [ -112.161672930827663, 33.403063042366163 ], [ -112.161673058213211, 33.403008074151387 ], [ -112.161440995468013, 33.403007698971074 ], [ -112.161162698119426, 33.403095190982889 ], [ -112.160179293619223, 33.40309358469986 ], [ -112.159294509073575, 33.403108724478045 ], [ -112.153310500972623, 33.403100376789048 ], [ -112.153049176144023, 33.403103062220275 ], [ -112.152787979328878, 33.403111670433489 ], [ -112.152527044746464, 33.40312619700525 ], [ -112.152266506481368, 33.403146634470893 ], [ -112.152259765147619, 33.403094222103029 ], [ -112.152080735305674, 33.403111983118791 ], [ -112.151901973794054, 33.40313226759438 ], [ -112.151911111477943, 33.403184363448602 ], [ -112.151656947597189, 33.403218695123442 ], [ -112.151403529547068, 33.403258156928317 ], [ -112.151150960865039, 33.403302732740556 ], [ -112.151073328383575, 33.403251008801625 ], [ -112.151071232208736, 33.402945222717001 ], [ -112.150999254576263, 33.402945416376546 ], [ -112.150745434180237, 33.402943650208591 ], [ -112.150563886485841, 33.402946688656733 ], [ -112.150710782474206, 33.403028247779332 ], [ -112.150710800652661, 33.403346979970131 ], [ -112.150665447030363, 33.403397336500035 ], [ -112.150586151726145, 33.403419209135535 ], [ -112.15050633793895, 33.403439106794409 ], [ -112.150444060761117, 33.403447494586885 ], [ -112.150339820172107, 33.403475193860672 ], [ -112.150336797551319, 33.403467347499898 ], [ -112.150196276614849, 33.403506433179587 ], [ -112.150132893179588, 33.403542182451197 ], [ -112.149870570557511, 33.403622454544802 ], [ -112.149610369828579, 33.40370935878942 ], [ -112.149352458639868, 33.403802839192743 ], [ -112.143774455495929, 33.405906038134766 ], [ -112.143552171228521, 33.4059880993372 ], [ -112.143327927099577, 33.406064642835396 ], [ -112.143101860050081, 33.406135621885909 ], [ -112.142874108134222, 33.406200993143393 ], [ -112.142644810435115, 33.406260716687051 ], [ -112.142414106979842, 33.406314756045013 ], [ -112.1424116074773, 33.404857012892371 ], [ -112.142408325127462, 33.402940158240561 ], [ -112.142402272064658, 33.399411965122141 ], [ -112.142394283655079, 33.397447807499972 ], [ -112.142383782154994, 33.395954638832173 ], [ -112.14238304415187, 33.39577560896052 ], [ -112.142383492399503, 33.395262032795785 ], [ -112.142382470093452, 33.395013768547464 ], [ -112.142384575730915, 33.395027400332275 ], [ -112.142388008083941, 33.395035702418426 ], [ -112.142391598604874, 33.395041566000778 ], [ -112.14239599646794, 33.395047027756597 ], [ -112.142401146647032, 33.39505200933732 ], [ -112.142406967253365, 33.395056436951855 ], [ -112.14241337966034, 33.395060251230447 ], [ -112.142417936714139, 33.395062422366692 ], [ -112.14242268215375, 33.395064280267746 ], [ -112.142425122286625, 33.395065089168504 ], [ -112.142427594456464, 33.395065815955604 ], [ -112.142432637038297, 33.3950670159712 ], [ -112.142435197775569, 33.39506748921734 ], [ -112.142448220602475, 33.395068548474882 ], [ -112.142751057986644, 33.395067695060362 ], [ -112.142750207248298, 33.394558104047846 ], [ -112.142382836379227, 33.394557052319158 ], [ -112.142379543275197, 33.394303606454642 ], [ -112.142378907407732, 33.394097949836805 ], [ -112.142377694150582, 33.393854393702711 ], [ -112.14237687709732, 33.393655988027852 ], [ -112.142375822989706, 33.393400385678731 ], [ -112.142373938394471, 33.392942414641865 ], [ -112.142372916123904, 33.392694127757764 ], [ -112.142371218905581, 33.392282016269377 ], [ -112.142371254902059, 33.392279307474631 ], [ -112.133586079682331, 33.392122279737592 ], [ -112.133653653893063, 33.40164176860921 ], [ -112.133655980532311, 33.402057487218826 ], [ -112.133657862149505, 33.402382392137689 ], [ -112.133663564804436, 33.402752363944359 ], [ -112.133669098360954, 33.403111375786374 ], [ -112.133671725715516, 33.403284305800661 ], [ -112.133676049519764, 33.40356230414303 ], [ -112.133682105825415, 33.403957694351966 ], [ -112.133691538825815, 33.404569625112273 ], [ -112.133693663420786, 33.404705049507982 ], [ -112.133694160657157, 33.404737264786469 ], [ -112.133695170875129, 33.404802838678435 ], [ -112.133694644536632, 33.404874366516026 ], [ -112.133693334108997, 33.404970402286033 ], [ -112.133691817950918, 33.405073634027083 ], [ -112.133685214892395, 33.405564484623753 ], [ -112.13367824741249, 33.406075698136853 ], [ -112.133670444236984, 33.406647342674688 ], [ -112.132372986175838, 33.406650273227989 ], [ -112.132374232353001, 33.406756463130996 ], [ -112.132217593163674, 33.40675741343096 ], [ -112.132215004765243, 33.406738455959811 ], [ -112.131273508576001, 33.406743674047455 ], [ -112.130329096551264, 33.406748900832802 ], [ -112.130150912059932, 33.406749887426493 ], [ -112.130150920811616, 33.406753465379602 ], [ -112.13015196517847, 33.406767705122206 ], [ -112.129354483065896, 33.406772587739134 ], [ -112.127730968042883, 33.40678250879855 ], [ -112.127189078447088, 33.406785814419806 ], [ -112.127187906376349, 33.406767460384586 ], [ -112.125021738564797, 33.406773674939522 ], [ -112.125031121427, 33.406683732063392 ], [ -112.115300104540154, 33.406724363441342 ], [ -112.110819898901468, 33.406728987771089 ], [ -112.099425485971068, 33.40673967844404 ], [ -112.099287300534897, 33.399508230632215 ], [ -112.099218350690791, 33.395887316655674 ], [ -112.099203684125854, 33.395119334602519 ], [ -112.099189188608619, 33.394355903121529 ], [ -112.099167828960532, 33.393236154475474 ], [ -112.099149515381797, 33.392269772736988 ], [ -112.099151954067111, 33.391138406267601 ], [ -112.099156728357087, 33.38901872808308 ], [ -112.099161928531942, 33.386673308341685 ], [ -112.099151526098126, 33.377769704653751 ], [ -112.06462693600605, 33.377742017115466 ], [ -112.064601450957966, 33.402167755052815 ], [ -112.064585055650909, 33.404394900096378 ], [ -112.064568124610204, 33.406705962338272 ], [ -112.064585694753049, 33.408523078166617 ], [ -112.064611982143305, 33.411242018394127 ], [ -112.064620756560828, 33.412149416575346 ], [ -112.064633294387463, 33.413446124416936 ], [ -112.064652045469671, 33.414297276388382 ], [ -112.06473933967392, 33.41639744323102 ], [ -112.064773290965874, 33.417846380261992 ], [ -112.064832657945047, 33.419552561998593 ], [ -112.064839194277937, 33.419740418136016 ], [ -112.065203964253328, 33.419737595998662 ], [ -112.066634037380013, 33.419935356939796 ], [ -112.067390696749385, 33.419689722576614 ], [ -112.07057682540831, 33.420096000645628 ], [ -112.072422149444535, 33.420347509354499 ], [ -112.073917269760912, 33.420468536319959 ], [ -112.076024121212555, 33.420438737998019 ], [ -112.0763084728042, 33.420263731110815 ], [ -112.076815143408666, 33.420133122547334 ], [ -112.080610751207374, 33.418230286667111 ], [ -112.080565734229111, 33.41808943850652 ], [ -112.080931525656595, 33.418087160304218 ], [ -112.080928253914749, 33.418017061577039 ], [ -112.081550926801739, 33.418009295119695 ], [ -112.083126159230801, 33.418089542388614 ], [ -112.098664985406145, 33.418352957243087 ], [ -112.099540639898265, 33.418366638710111 ], [ -112.099670303006803, 33.418380177759666 ], [ -112.099819380073995, 33.426173901894799 ], [ -112.099880426261294, 33.429688030664359 ], [ -112.099919725588464, 33.432006580611542 ], [ -112.099979730322573, 33.435546801005486 ], [ -112.100018239506227, 33.438556036302238 ], [ -112.100036493292635, 33.44037169814937 ], [ -112.100073128097847, 33.444003868547931 ], [ -112.082374393440375, 33.444123759567432 ], [ -112.069929415951975, 33.444099023218484 ], [ -112.069952338517552, 33.447982680432446 ], [ -112.069960364205585, 33.449334831256721 ], [ -112.069974248151027, 33.451376513887332 ], [ -112.070023336767207, 33.451376744433908 ], [ -112.070021762948983, 33.452432746554393 ], [ -112.069971760380056, 33.452433068978742 ], [ -112.069968853085015, 33.455575443005351 ], [ -112.069967908510193, 33.456581585053186 ], [ -112.069966927793317, 33.457624635345631 ], [ -112.069962982274234, 33.457998315298831 ], [ -112.069941640179181, 33.458158962303791 ], [ -112.069913290243761, 33.458277864773081 ], [ -112.069864514258342, 33.458420294367009 ], [ -112.069794036958996, 33.458570753325027 ], [ -112.069688367910615, 33.458760936761422 ], [ -112.069626077812202, 33.458877171433116 ], [ -112.069571285145528, 33.45899190721817 ], [ -112.069514377410187, 33.45914957458524 ], [ -112.069473930446208, 33.459324781326721 ], [ -112.069455426936827, 33.459530066943465 ], [ -112.069442542881148, 33.45976830092799 ], [ -112.069435847086595, 33.459892098949418 ], [ -112.069427881603147, 33.465633400497254 ], [ -112.069427750339102, 33.465727842737529 ], [ -112.071002190240989, 33.465731234298374 ], [ -112.071033601880671, 33.465731302490589 ], [ -112.071188901056573, 33.465731636507861 ], [ -112.071316996248825, 33.465731911395309 ], [ -112.071388590941652, 33.465732063716196 ], [ -112.071596137777007, 33.465732510540008 ], [ -112.071714483602548, 33.465732763837686 ], [ -112.072532836571312, 33.465734513955525 ], [ -112.073850876944633, 33.465737642307538 ], [ -112.074378743832952, 33.465743079088313 ], [ -112.075098033462368, 33.465750478293543 ], [ -112.075878260360156, 33.465758502010772 ], [ -112.076278653237324, 33.465762618268386 ], [ -112.076765326465718, 33.465767619115141 ], [ -112.077255186467184, 33.465772652696181 ], [ -112.078236520408439, 33.465782725472955 ], [ -112.078555588570808, 33.465785998065932 ], [ -112.078701465585397, 33.465787494559407 ], [ -112.079307782106653, 33.465793714896222 ], [ -112.079479532710295, 33.465795475890388 ], [ -112.080292405383744, 33.465803804953595 ], [ -112.080848343451066, 33.465809499037015 ], [ -112.081229126865082, 33.465813399848976 ], [ -112.081442474934875, 33.465815581699665 ], [ -112.081990079450051, 33.465821187060797 ], [ -112.082663116406749, 33.465828071139207 ], [ -112.082653963206113, 33.465208384152817 ], [ -112.08264594956799, 33.46466834348535 ], [ -112.082629087777548, 33.463531796967082 ], [ -112.082623382478346, 33.463147205877704 ], [ -112.082609662885019, 33.462225315946554 ], [ -112.082595393010152, 33.461263432667145 ], [ -112.082556927450426, 33.458655207290306 ], [ -112.083692211926149, 33.458652773248822 ], [ -112.0848246242426, 33.458649332723013 ], [ -112.085895311385272, 33.458647490893995 ], [ -112.086939708325687, 33.45864748203077 ], [ -112.088099247771495, 33.458644573967092 ], [ -112.088438978788687, 33.458643870209059 ], [ -112.089128630345826, 33.458642438513223 ], [ -112.090212562859847, 33.458640504006205 ], [ -112.091726255741477, 33.458634250679864 ], [ -112.093427556834996, 33.458613864152625 ], [ -112.093427579594419, 33.458628260645099 ], [ -112.095601566697354, 33.458617421795523 ], [ -112.096065324888698, 33.458615105116266 ], [ -112.096236409690604, 33.458614249698499 ], [ -112.0964011863026, 33.45861342573216 ], [ -112.09657294128597, 33.4586125661734 ], [ -112.096822464232247, 33.458611319281765 ], [ -112.09716496189364, 33.458609603839641 ], [ -112.097525222287118, 33.458607800225849 ], [ -112.097864242021799, 33.458606101450854 ], [ -112.098423098285338, 33.458603296991583 ], [ -112.100037387483709, 33.458595186953595 ], [ -112.100031349527882, 33.459289300130678 ], [ -112.100029810781109, 33.459471037069868 ], [ -112.100023208535688, 33.460233394235232 ], [ -112.100014079326229, 33.461287630314402 ], [ -112.100006057824316, 33.462214001057959 ], [ -112.117244679465628, 33.461740255766912 ], [ -112.11752292690386, 33.451086390612375 ], [ -112.119019820568624, 33.451130250067756 ], [ -112.119539627532376, 33.451145476185168 ], [ -112.120120126597712, 33.451162834964919 ], [ -112.121333849674514, 33.451199125497062 ], [ -112.122160987128368, 33.451223848138156 ], [ -112.123731673744615, 33.451270782615701 ], [ -112.124961974702913, 33.451307528418511 ], [ -112.126025531756781, 33.451339286753836 ], [ -112.128198317906779, 33.451359430106443 ], [ -112.130369562311984, 33.451379524513875 ], [ -112.134519119143604, 33.451417816682522 ], [ -112.135595040320908, 33.451414943339813 ], [ -112.136886953172635, 33.451411479767771 ], [ -112.137754246275676, 33.451409147402117 ], [ -112.138825556786387, 33.451406256953859 ], [ -112.139915286805234, 33.451403310561808 ], [ -112.140830728369792, 33.451400825795545 ], [ -112.143273509549118, 33.451394145745368 ], [ -112.144292149318332, 33.451391215946657 ], [ -112.145310774987365, 33.451388278707405 ], [ -112.146829201745646, 33.451383886085935 ], [ -112.14860757329734, 33.451378717488119 ], [ -112.149479030983329, 33.451376174495024 ], [ -112.15099005108388, 33.451371750237193 ], [ -112.151546274666828, 33.451370118058556 ], [ -112.151763324481749, 33.451369481294407 ], [ -112.151819495158108, 33.462036896344927 ], [ -112.156187588712413, 33.462329973247222 ], [ -112.160440737755621, 33.462623910309617 ], [ -112.163602889747921, 33.462754021172323 ], [ -112.168909038716407, 33.462973310944463 ], [ -112.169031000184432, 33.473294998769219 ], [ -112.185976999488361, 33.473259999492626 ], [ -112.186401421184584, 33.473144334213323 ], [ -112.186384675872802, 33.480545836703826 ], [ -112.190730234088846, 33.480492292197788 ], [ -112.190736055212398, 33.480876651354421 ], [ -112.190738881858266, 33.480945304539844 ], [ -112.190749593965236, 33.4810410415799 ], [ -112.190765091263685, 33.481122441932399 ], [ -112.190786328509674, 33.481202926991926 ], [ -112.190808356778263, 33.481269095015158 ], [ -112.19083990462498, 33.481347168671704 ], [ -112.191742752351828, 33.482833480234142 ], [ -112.190043781893706, 33.483568809079017 ], [ -112.19080314681996, 33.484806413851501 ], [ -112.191178970539326, 33.485420963779205 ], [ -112.191236134629023, 33.485513097433909 ], [ -112.19128495685824, 33.485599732990003 ], [ -112.191320359811911, 33.485676316440617 ], [ -112.191353927036261, 33.485767905408053 ], [ -112.191378975501522, 33.48586138786699 ], [ -112.19139350628538, 33.485942602663854 ], [ -112.191401649234152, 33.486024447474797 ], [ -112.191403773472132, 33.486094665677989 ], [ -112.191443285817371, 33.487734180375774 ], [ -112.203248176732814, 33.487576556296148 ], [ -112.203227196677062, 33.49481395074924 ] ], [ [ -112.186662177852867, 33.436759356184375 ], [ -112.18656640575324, 33.436761782824917 ], [ -112.186315319659812, 33.43687486924609 ], [ -112.184852359601919, 33.436848485477768 ], [ -112.184065609096919, 33.436836917549236 ], [ -112.183541098338338, 33.436829280091807 ], [ -112.182230849033871, 33.436810231799612 ], [ -112.180134411350238, 33.43677972798239 ], [ -112.179303285070603, 33.436766679489288 ], [ -112.177896540302285, 33.436745418236313 ], [ -112.177900169666927, 33.433274439565814 ], [ -112.177900642344113, 33.432821634272223 ], [ -112.17790402164718, 33.431322743494704 ], [ -112.177903726546319, 33.429873092072164 ], [ -112.176758659667243, 33.429856034365436 ], [ -112.175785684043547, 33.429841047596966 ], [ -112.174816564187623, 33.429826110994284 ], [ -112.173843577287712, 33.429811105405584 ], [ -112.172871370382339, 33.429796107704369 ], [ -112.172068243804887, 33.429783711921495 ], [ -112.171263790318079, 33.429771291118719 ], [ -112.17039324098549, 33.4297578407337 ], [ -112.169657412299429, 33.429746470178621 ], [ -112.169659636504662, 33.429531204281695 ], [ -112.173590884265636, 33.42958898552893 ], [ -112.177838400425088, 33.429651273210496 ], [ -112.177903956416458, 33.429652234330092 ], [ -112.178039644422185, 33.429654221663796 ], [ -112.180104639943053, 33.429684449471146 ], [ -112.182217766164698, 33.429715345077788 ], [ -112.186423668391001, 33.429776732593481 ], [ -112.18663941894367, 33.429783139550871 ], [ -112.186645282019342, 33.430088804270596 ], [ -112.186662177852867, 33.436759356184375 ] ], [ [ -112.209572680954011, 33.419250221271064 ], [ -112.21250830159326, 33.419271674110021 ], [ -112.212504972907027, 33.41956697397881 ], [ -112.21250172301896, 33.419855391859812 ], [ -112.212498511283641, 33.420140478751293 ], [ -112.212495271445547, 33.420428063409553 ], [ -112.212492057481228, 33.420713452349951 ], [ -112.212488807500719, 33.421001859357446 ], [ -112.212486930468629, 33.421168452249724 ], [ -112.212483847350953, 33.4214420195405 ], [ -112.212480781200824, 33.421714252260898 ], [ -112.212477728371681, 33.42198534338393 ], [ -112.212474629522262, 33.42226030741125 ], [ -112.212466475086657, 33.422984108797266 ], [ -112.210420070619051, 33.422966882760846 ], [ -112.20513066506669, 33.422922195502942 ], [ -112.204269663989024, 33.422914899082073 ], [ -112.20426986711108, 33.422734844185854 ], [ -112.204099607072393, 33.422733432708057 ], [ -112.204106909322405, 33.42150805674418 ], [ -112.20412425428961, 33.419665187244064 ], [ -112.208306309224156, 33.419695843907874 ], [ -112.208310546629207, 33.419240975942216 ], [ -112.209572680954011, 33.419250221271064 ] ], [ [ -112.262481047829013, 33.406388443226732 ], [ -112.262156529457613, 33.406389286851557 ], [ -112.261628313676738, 33.406390756532673 ], [ -112.261223252448957, 33.406391887441551 ], [ -112.260930265818146, 33.40639270611706 ], [ -112.259368048777404, 33.406396717010097 ], [ -112.257766578987756, 33.406400937879113 ], [ -112.257215308836891, 33.406402265497434 ], [ -112.256169656543591, 33.406405131045339 ], [ -112.255628060618605, 33.406406581134682 ], [ -112.255219013534969, 33.40640739044013 ], [ -112.255077602151701, 33.406407655381614 ], [ -112.255075817574721, 33.406375795002809 ], [ -112.254886756480943, 33.4063966321634 ], [ -112.254894091553851, 33.406375721537039 ], [ -112.254858749110014, 33.405747171054941 ], [ -112.254853398365313, 33.405656725082594 ], [ -112.254848126606845, 33.405588604135701 ], [ -112.254841190897366, 33.405519448962082 ], [ -112.254832914984959, 33.40545234791049 ], [ -112.254823217140228, 33.405385907171983 ], [ -112.254811709801345, 33.405317769851301 ], [ -112.254798777975822, 33.405250464173257 ], [ -112.254784115839669, 33.405182473406065 ], [ -112.254767821496614, 33.405114421259604 ], [ -112.254750719824585, 33.405049432588832 ], [ -112.254731765706964, 33.404983311013901 ], [ -112.254711116007186, 33.404916862228355 ], [ -112.254689249676062, 33.404851611508391 ], [ -112.254665418625493, 33.404785382378613 ], [ -112.254640857175445, 33.4047215357268 ], [ -112.254614530973825, 33.404657264665623 ], [ -112.254388845029041, 33.404135110929126 ], [ -112.254355616108029, 33.404055836232168 ], [ -112.254325284880295, 33.403978582470003 ], [ -112.254291807122399, 33.403885808142888 ], [ -112.254266061743692, 33.403808134316137 ], [ -112.254238558545879, 33.403716531258084 ], [ -112.254216666248183, 33.403636054363702 ], [ -112.254197065282739, 33.403555656893111 ], [ -112.254179531830403, 33.403474731708819 ], [ -112.254164142572961, 33.403393649202776 ], [ -112.254148944191741, 33.403298807998425 ], [ -112.25413796848737, 33.403216141815115 ], [ -112.254129400072358, 33.403134914511782 ], [ -112.254123090714771, 33.403055717107257 ], [ -112.254118578953836, 33.402971810630753 ], [ -112.254116344941252, 33.40288976628613 ], [ -112.254116062473926, 33.402831993170281 ], [ -112.254115814117114, 33.399191231768469 ], [ -112.25418033376738, 33.39918764786055 ], [ -112.254468114163828, 33.399171671997841 ], [ -112.25467183624383, 33.399160362642064 ], [ -112.258490570208664, 33.399160681136173 ], [ -112.263430512778626, 33.399160926206953 ], [ -112.267793037902251, 33.399161270792163 ], [ -112.267724040285003, 33.395730389482779 ], [ -112.267722914023182, 33.395674320264725 ], [ -112.271954287995513, 33.395735978711166 ], [ -112.271933254685862, 33.392312244187288 ], [ -112.267796736695118, 33.392195004628924 ], [ -112.267711923612865, 33.389275197733092 ], [ -112.269969444267929, 33.389262214698441 ], [ -112.269966204418594, 33.389124812361239 ], [ -112.272003265545649, 33.389113060841417 ], [ -112.272048335266646, 33.390462999603905 ], [ -112.276964923382337, 33.390401895182329 ], [ -112.277014771351389, 33.392124620586841 ], [ -112.277184073759969, 33.392121091945725 ], [ -112.277139666908369, 33.390396550115277 ], [ -112.279423821729921, 33.390348943799083 ], [ -112.279414179154173, 33.389921272419372 ], [ -112.280563248341707, 33.389603041821601 ], [ -112.280616373898766, 33.391957856329832 ], [ -112.281015322146047, 33.391949507262417 ], [ -112.280998398951169, 33.391153218724803 ], [ -112.284732421568648, 33.391080749613579 ], [ -112.284749304067176, 33.391871296497577 ], [ -112.288734951208227, 33.391787689003387 ], [ -112.288746311756057, 33.391844115063265 ], [ -112.288750604362136, 33.392122481279301 ], [ -112.288764747288283, 33.392732734702953 ], [ -112.28878265214243, 33.393383705787123 ], [ -112.288794409635003, 33.393846252040156 ], [ -112.288814749491692, 33.394646464576127 ], [ -112.288824915783451, 33.395046813372545 ], [ -112.288833312774344, 33.395376543422117 ], [ -112.288837379809721, 33.395536536486262 ], [ -112.284835566446532, 33.395582248608321 ], [ -112.280607257144041, 33.395636452770688 ], [ -112.279492699993455, 33.395647180741257 ], [ -112.279490679013549, 33.395523517235645 ], [ -112.278908281736207, 33.395515302608757 ], [ -112.278251343616617, 33.395506035569909 ], [ -112.277397153499663, 33.395493979747549 ], [ -112.277397048743481, 33.395468623270276 ], [ -112.276345693231733, 33.395481739746351 ], [ -112.275751498195902, 33.395486233256626 ], [ -112.274278228141455, 33.395505007658862 ], [ -112.273581785550917, 33.395514248815601 ], [ -112.273583515239338, 33.39572175271438 ], [ -112.272250079073146, 33.395738152215593 ], [ -112.272278572024561, 33.399160980606233 ], [ -112.2806689531035, 33.399129487271651 ], [ -112.284892309970445, 33.399113478547164 ], [ -112.288927984009064, 33.399098087632836 ], [ -112.288926366184725, 33.399510314431183 ], [ -112.280676523226902, 33.399541717817741 ], [ -112.272284205130475, 33.399573214658702 ], [ -112.272332427024651, 33.402846076444185 ], [ -112.270050663460367, 33.402854014157469 ], [ -112.26788789394702, 33.402859811227266 ], [ -112.265725121635981, 33.40286556790241 ], [ -112.263554824401055, 33.402871310622054 ], [ -112.263563746537073, 33.403062611547284 ], [ -112.262381576966305, 33.403408742556003 ], [ -112.262481047829013, 33.406388443226732 ] ], [ [ -112.283661207999586, 33.40545479662056 ], [ -112.28464429171747, 33.40545001306981 ], [ -112.284658788554708, 33.406274466454654 ], [ -112.283675694489091, 33.406279252891373 ], [ -112.283661207999586, 33.40545479662056 ] ], [ [ -112.16846299563953, 33.407436549619895 ], [ -112.168492471694989, 33.407684104191283 ], [ -112.168491120415069, 33.407795941744318 ], [ -112.159550941940793, 33.407234606040973 ], [ -112.150904848240245, 33.406695174458441 ], [ -112.142414815496963, 33.40672834990049 ], [ -112.142414871645812, 33.406682720800227 ], [ -112.142580297915174, 33.406646157110274 ], [ -112.142744908294929, 33.406606079973415 ], [ -112.14335867506928, 33.406603624702065 ], [ -112.143359309047327, 33.406435022668333 ], [ -112.143558479382293, 33.406372009080329 ], [ -112.143756349823164, 33.406305025326809 ], [ -112.143952841239326, 33.406234098195334 ], [ -112.149527665437788, 33.404128338230002 ], [ -112.149750902104785, 33.404047289277358 ], [ -112.149975904056802, 33.403971278332051 ], [ -112.150202557612161, 33.403900343798419 ], [ -112.15043074825472, 33.403834521515975 ], [ -112.150660360691731, 33.403773844741245 ], [ -112.15089127891207, 33.403718344131029 ], [ -112.151073730514199, 33.403680240204466 ], [ -112.151257154595157, 33.403647132760227 ], [ -112.151441414351524, 33.403619046490881 ], [ -112.151462655636522, 33.40361819837063 ], [ -112.151566517803786, 33.403600958656163 ], [ -112.151569605192947, 33.403614453147895 ], [ -112.151714189550916, 33.403590166027151 ], [ -112.15177919384152, 33.403564089983036 ], [ -112.152033004749811, 33.403531284778424 ], [ -112.152287520386679, 33.403504490204192 ], [ -112.152542598431367, 33.403483721243397 ], [ -112.152798096248645, 33.403468989509683 ], [ -112.153053870968563, 33.403460303240777 ], [ -112.153309779566314, 33.403457667293885 ], [ -112.161580442646709, 33.40346853341476 ], [ -112.161580318429259, 33.403523501619269 ], [ -112.161940765691142, 33.403524084498272 ], [ -112.161940891419704, 33.403469734860884 ], [ -112.162029795267912, 33.40346985845968 ], [ -112.162029706686141, 33.40350833620591 ], [ -112.162072305756581, 33.403508406154401 ], [ -112.162072393939312, 33.403469793153185 ], [ -112.166369054245123, 33.403475028846628 ], [ -112.167352063662278, 33.403490326141636 ], [ -112.167974569027265, 33.403491144459807 ], [ -112.168109025134655, 33.40349132021786 ], [ -112.168131584618465, 33.403659275701926 ], [ -112.167467075605089, 33.403721255774769 ], [ -112.16755263054732, 33.404366502610245 ], [ -112.168054377111446, 33.404319767939512 ], [ -112.16846299563953, 33.407436549619895 ] ], [ [ -112.117984140943619, 33.406831032175887 ], [ -112.117734138898655, 33.406831437556718 ], [ -112.117733742679505, 33.406811587142229 ], [ -112.11798309408529, 33.406810657123422 ], [ -112.117984140943619, 33.406831032175887 ] ], [ [ -112.16804546819516, 33.382039279964111 ], [ -112.166713769203994, 33.382041851713034 ], [ -112.166711202216945, 33.381146109666204 ], [ -112.168042886921342, 33.381143317992759 ], [ -112.16804546819516, 33.382039279964111 ] ], [ [ -112.155318225022782, 33.37843257582233 ], [ -112.155313769963939, 33.379039678094721 ], [ -112.154577713645907, 33.379043283999266 ], [ -112.15458841320725, 33.377684020724232 ], [ -112.155322885326811, 33.377680278065235 ], [ -112.155318225022782, 33.37843257582233 ] ] ] ] } },
{ "type": "Feature", "properties": { "OBJECTID": 1605, "DISTRICT": "6", "REP_NAME": "Councilmember Kevin Robinson", "REP_URL": "https://phoenix.gov/district6", "EMAIL": "https://www.phoenix.gov/district6/contact-district-6", "IMAGE_URL": "https://www.phoenix.gov/content/dam/phoenix/mayorcouncilsite/mediaassets/Headshot_D6_Councilman_Kevin_Robinson_high_res.jpg", "C_TRACT": 6 }, "geometry": { "type": "Polygon", "coordinates": [ [ [ -112.151709086981455, 33.3194952808485 ], [ -112.151718909306879, 33.315868310449837 ], [ -112.151728712400498, 33.312245330782908 ], [ -112.151727319114372, 33.310366997707035 ], [ -112.15172535474467, 33.307843034002921 ], [ -112.149520365815647, 33.305994172274865 ], [ -112.148183856162191, 33.304873469113822 ], [ -112.144214572595118, 33.301580129111692 ], [ -112.14388115322194, 33.301304858641039 ], [ -112.143127320425407, 33.300683345787441 ], [ -112.140959961678462, 33.298408661723521 ], [ -112.140284462452954, 33.297696123375822 ], [ -112.136826957696826, 33.294070561182167 ], [ -112.134454319690533, 33.291582936928805 ], [ -112.133251499505064, 33.290444597036682 ], [ -112.130165130747415, 33.290448972883475 ], [ -112.12584307397529, 33.290450164790037 ], [ -112.121536702036693, 33.290469686607537 ], [ -112.117203945940162, 33.290489155899422 ], [ -112.10883208091586, 33.290525015476852 ], [ -112.100461498966723, 33.290564420225117 ], [ -112.098949849176933, 33.290567145900368 ], [ -112.092253422675185, 33.290581615866209 ], [ -112.090735437752087, 33.29058890708675 ], [ -112.083574376656401, 33.290596346412904 ], [ -112.082091879621913, 33.290603830672261 ], [ -112.073432466615728, 33.290616037884675 ], [ -112.066285009984952, 33.290629407205536 ], [ -112.064772234925456, 33.290634657285167 ], [ -112.062589869975994, 33.290638725542728 ], [ -112.056133268493511, 33.290649486169336 ], [ -112.049077441782657, 33.290662721653739 ], [ -112.047489388992474, 33.290665071458989 ], [ -112.045662798644173, 33.290669546896261 ], [ -112.038860219503746, 33.290673216004294 ], [ -112.034115551796759, 33.29067964572215 ], [ -112.031790253151598, 33.290684676991411 ], [ -112.029642168231689, 33.290679422529088 ], [ -112.02747550589784, 33.290678838275731 ], [ -112.02313779709678, 33.290677559315228 ], [ -112.02161005881608, 33.290689027355533 ], [ -112.018379614953076, 33.290695459578984 ], [ -112.014480178019497, 33.290703110693933 ], [ -112.012921155104493, 33.290693339389541 ], [ -112.009055423026837, 33.290697974514792 ], [ -112.005849230541571, 33.290701706831499 ], [ -112.004242065831377, 33.290697033488549 ], [ -112.000796169517244, 33.29069976262857 ], [ -111.997077103783923, 33.290703093554896 ], [ -111.995376434580308, 33.290705745746514 ], [ -111.99344935190291, 33.29071218115547 ], [ -111.991646920321216, 33.290718171602393 ], [ -111.987417538740686, 33.290724651990523 ], [ -111.987023307156804, 33.29072805886095 ], [ -111.985723460730597, 33.29072538293606 ], [ -111.985624204975807, 33.290729381285132 ], [ -111.972298405786049, 33.290747777084405 ], [ -111.972202079214213, 33.290747932877096 ], [ -111.972250242019214, 33.291015503607248 ], [ -111.972288498733349, 33.291236749022367 ], [ -111.972334547303447, 33.291518524612968 ], [ -111.972372616928453, 33.291764016543823 ], [ -111.972408884947541, 33.2920109898931 ], [ -111.972437765918457, 33.292217309575726 ], [ -111.972473327184176, 33.292488607226588 ], [ -111.9725013875793, 33.292715955464061 ], [ -111.972507659762812, 33.292770806355676 ], [ -111.972509916423533, 33.292793930068406 ], [ -111.972511273882276, 33.292807844872016 ], [ -111.972512887573203, 33.292817780249955 ], [ -111.972514398391155, 33.292831406432725 ], [ -111.972516560483172, 33.292851026987684 ], [ -111.97251810162561, 33.292865059834476 ], [ -111.972519556427798, 33.292878397490377 ], [ -111.972521152747603, 33.292893084062563 ], [ -111.972522571977692, 33.292906201713564 ], [ -111.97252419863797, 33.29292132019809 ], [ -111.972525587710493, 33.292934289979748 ], [ -111.972526920637819, 33.292946770150145 ], [ -111.972528458851485, 33.292961256565356 ], [ -111.972529778894966, 33.292973736741466 ], [ -111.972531063330663, 33.292985941907538 ], [ -111.972532584378214, 33.293000447266543 ], [ -111.972534080809723, 33.293011707329946 ], [ -111.972534859543472, 33.29302226076387 ], [ -111.97253907421684, 33.29306317011136 ], [ -111.9725404647929, 33.293076807167999 ], [ -111.972541851076215, 33.293090446931693 ], [ -111.972543230915903, 33.293104083993093 ], [ -111.972544601094782, 33.29311772466567 ], [ -111.972545968052358, 33.293131364437954 ], [ -111.97254732534681, 33.293145004214495 ], [ -111.972548678346797, 33.293158643992925 ], [ -111.972550025978578, 33.293172283773742 ], [ -111.972551363949549, 33.29318592716578 ], [ -111.972554021636526, 33.293213209449227 ], [ -111.972556654631759, 33.293240495350538 ], [ -111.972559260786625, 33.293267783067165 ], [ -111.972561840100511, 33.293295071697436 ], [ -111.972563119021359, 33.293308716919043 ], [ -111.972564390427095, 33.293322363045711 ], [ -111.972566918208145, 33.293349656207425 ], [ -111.972568170287971, 33.293363302342662 ], [ -111.972569417000699, 33.293376950283729 ], [ -111.972570656197718, 33.293390598228122 ], [ -111.972571892174514, 33.293404247075664 ], [ -111.972573117413845, 33.293417895026259 ], [ -111.972574337284897, 33.293431542979228 ], [ -111.972575550716272, 33.29344519454196 ], [ -111.972579150208063, 33.29348614473956 ], [ -111.97258033787088, 33.293499795411989 ], [ -111.972581518018501, 33.293513446989472 ], [ -111.972582691725293, 33.293527100373232 ], [ -111.972583858988912, 33.293540751956456 ], [ -111.972585019811646, 33.293554405345937 ], [ -111.97258732105621, 33.293581710330557 ], [ -111.972589596534391, 33.293609018031752 ], [ -111.972594065896615, 33.293663641585937 ], [ -111.972598431114136, 33.293718267891492 ], [ -111.972602687895261, 33.293772902360736 ], [ -111.972603737059842, 33.293786562111883 ], [ -111.972604776560573, 33.293800220965608 ], [ -111.97260581284101, 33.293813880722446 ], [ -111.972610886878641, 33.293882185866536 ], [ -111.972615796647929, 33.293950499199127 ], [ -111.972619602496678, 33.294005156411821 ], [ -111.972622390315877, 33.29404615115439 ], [ -111.972623306346392, 33.294059815473311 ], [ -111.972625116938161, 33.294087151334509 ], [ -111.972626901759057, 33.294114483600282 ], [ -111.972628659739385, 33.294141818583142 ], [ -111.972631248933183, 33.294182825136438 ], [ -111.972633775852032, 33.294223830815739 ], [ -111.972638651463001, 33.294305853074306 ], [ -111.972642534812195, 33.294374213753073 ], [ -111.972646134112637, 33.294450061575986 ], [ -111.97264821280136, 33.294497017933885 ], [ -111.972651123258956, 33.294565227558778 ], [ -111.972653360363026, 33.294619799807833 ], [ -111.972655519088335, 33.294674374796848 ], [ -111.972658599342054, 33.294756239153948 ], [ -111.972661028789361, 33.294824466125199 ], [ -111.972661498143708, 33.294838111707172 ], [ -111.972661965348991, 33.294851754584876 ], [ -111.972662879362844, 33.294879046661478 ], [ -111.972664214413882, 33.294919984341483 ], [ -111.972665922186451, 33.294974570351535 ], [ -111.97266794577223, 33.295042802913478 ], [ -111.972669838367239, 33.295111040943979 ], [ -111.972671264828122, 33.2951656324894 ], [ -111.972672278839653, 33.295206575722418 ], [ -111.972672608612001, 33.295220224071564 ], [ -111.972673560347246, 33.295261167332292 ], [ -111.972674470209398, 33.29530211421848 ], [ -111.972675881778798, 33.295370359676632 ], [ -111.97267716664814, 33.295438606092794 ], [ -111.972678540775377, 33.295520504571975 ], [ -111.972679354139672, 33.295575104505495 ], [ -111.972680086973924, 33.295629705376577 ], [ -111.972680583449886, 33.295670656955231 ], [ -111.97268117562362, 33.29572525788884 ], [ -111.972681564724951, 33.295766209515257 ], [ -111.972682111938155, 33.295834464375005 ], [ -111.97268245822444, 33.295889067221431 ], [ -111.972683291483591, 33.298032853347969 ], [ -111.972688426068899, 33.299470378058118 ], [ -111.972689519692182, 33.300070815441991 ], [ -111.972692343980825, 33.30170869461837 ], [ -111.972694400667606, 33.302898239704547 ], [ -111.972998099148512, 33.303980668685668 ], [ -111.973198770714916, 33.304695789886971 ], [ -111.973321061540943, 33.305130756834153 ], [ -111.973321487683023, 33.30555230300395 ], [ -111.972693399347918, 33.307843225445602 ], [ -111.972702076240992, 33.312600806180846 ], [ -111.972728101630267, 33.316330865179211 ], [ -111.972753079823818, 33.31963451584479 ], [ -111.972761183157928, 33.319887110289919 ], [ -111.972754905733893, 33.320915679611723 ], [ -111.97274631964072, 33.324343489989793 ], [ -111.972735944058897, 33.327173378981279 ], [ -111.972694572995749, 33.334498013609412 ], [ -111.972702900376405, 33.337613418556884 ], [ -111.972719054752744, 33.341736534632112 ], [ -111.972724867836988, 33.343505411047516 ], [ -111.972723740390563, 33.343851780058031 ], [ -111.972723062942194, 33.343892748078758 ], [ -111.972721593087186, 33.343974682367886 ], [ -111.972720520428467, 33.344029302563406 ], [ -111.972719376861363, 33.344083922790446 ], [ -111.972718472719592, 33.344124888206807 ], [ -111.972718161311363, 33.344138543049475 ], [ -111.972717204523576, 33.344179505784041 ], [ -111.972715864344394, 33.344234123393321 ], [ -111.972714455405068, 33.344288741033118 ], [ -111.972712590012421, 33.344357007268023 ], [ -111.972711016691235, 33.344411622275757 ], [ -111.97270978915644, 33.344452579720368 ], [ -111.972708525093026, 33.344493538082915 ], [ -111.972707658389893, 33.344520844269738 ], [ -111.972704484714257, 33.344616405165333 ], [ -111.972703056267719, 33.344657360895745 ], [ -111.972701090787325, 33.344711964355298 ], [ -111.972698006116914, 33.344793866900119 ], [ -111.972694764580282, 33.344875763202502 ], [ -111.972693645391118, 33.344903064091177 ], [ -111.972691936519354, 33.344944008223784 ], [ -111.972690187896404, 33.344984955079163 ], [ -111.972687182555319, 33.345053194768774 ], [ -111.972685325413948, 33.345094136262013 ], [ -111.972683429593815, 33.345135077772397 ], [ -111.972681490795622, 33.345176016596703 ], [ -111.972679513316834, 33.345216952733033 ], [ -111.972676128701394, 33.345285180868572 ], [ -111.972671920178357, 33.345367047843368 ], [ -111.972670480805618, 33.345394334446574 ], [ -111.972667549414112, 33.345448908578064 ], [ -111.972663784444634, 33.345517121553065 ], [ -111.972661260248145, 33.345559973180052 ], [ -111.972621835866221, 33.346229509398199 ], [ -111.972667042951315, 33.34642334730993 ], [ -111.973159522224194, 33.348531127610165 ], [ -111.973155218813531, 33.349367325452839 ], [ -111.972661931079074, 33.350357531432302 ], [ -111.972620239892308, 33.350441234897552 ], [ -111.972386521600228, 33.351075394316489 ], [ -111.971881682721474, 33.35244559963725 ], [ -111.971879423176915, 33.352457561903364 ], [ -111.971797559184338, 33.352876365945754 ], [ -111.971776466522897, 33.352956560388982 ], [ -111.971710754447102, 33.353336809724254 ], [ -111.971631573845855, 33.353770868537417 ], [ -111.971625917633702, 33.35379789906758 ], [ -111.97162308737569, 33.35381141162835 ], [ -111.971618999424734, 33.353830869757211 ], [ -111.971617411814449, 33.353838436756213 ], [ -111.971613151363584, 33.353858678552115 ], [ -111.971610469955635, 33.353871399340186 ], [ -111.971607355742165, 33.35388616000057 ], [ -111.971604736451312, 33.353898561553649 ], [ -111.971601614709513, 33.353913314101732 ], [ -111.971597445241031, 33.353933013925449 ], [ -111.971594578440545, 33.353946523796289 ], [ -111.971591711639178, 33.353960033667029 ], [ -111.971587619230931, 33.353979260055432 ], [ -111.971584285310968, 33.353994925232989 ], [ -111.97158168308286, 33.354007132007212 ], [ -111.971578675877225, 33.354021208217063 ], [ -111.971575978278253, 33.354033827117362 ], [ -111.971573020344806, 33.354047661645438 ], [ -111.971570332368032, 33.354060206600607 ], [ -111.971567057289434, 33.35407547589832 ], [ -111.971564392871812, 33.354087897307849 ], [ -111.971561320255319, 33.354102192662943 ], [ -111.971558590460717, 33.354114881009039 ], [ -111.971555631385073, 33.354128616348284 ], [ -111.971551209885888, 33.354149098970353 ], [ -111.971548293640325, 33.354162600746065 ], [ -111.971543973892523, 33.35418257295175 ], [ -111.971541148676309, 33.354195598581121 ], [ -111.971537922768434, 33.354210477413126 ], [ -111.97153659318748, 33.35421660155162 ], [ -111.971532433011788, 33.354235745911261 ], [ -111.971529027072222, 33.35425139488764 ], [ -111.971526542514283, 33.354262793671019 ], [ -111.971524841140322, 33.354270594262935 ], [ -111.971521894797959, 33.354284090640753 ], [ -111.971517460262106, 33.354304370380895 ], [ -111.97151442068747, 33.354318264456253 ], [ -111.971511517159215, 33.354331502924154 ], [ -111.971508838629973, 33.354343720550496 ], [ -111.971505827944725, 33.35435742525253 ], [ -111.971502928680678, 33.354370614123908 ], [ -111.971499930836984, 33.354384238567384 ], [ -111.971498209047212, 33.35439204547982 ], [ -111.971493917959691, 33.354411494675311 ], [ -111.97149225616883, 33.354419029243005 ], [ -111.971487788264156, 33.354439235055708 ], [ -111.971484943578858, 33.35445208215215 ], [ -111.971481789240741, 33.354466320732456 ], [ -111.971479052752073, 33.354478651097928 ], [ -111.971475756956181, 33.354493488479548 ], [ -111.971472795442494, 33.354506803617618 ], [ -111.971469907847691, 33.354519768857301 ], [ -111.971466603451177, 33.354534603537253 ], [ -111.971463817625477, 33.354547082707121 ], [ -111.971459277789947, 33.35456740396971 ], [ -111.971456260505136, 33.354580889556054 ], [ -111.971453238920901, 33.354594374242502 ], [ -111.97145021518736, 33.354607859831511 ], [ -111.971445319320338, 33.354629302082913 ], [ -111.971442153978373, 33.354643147518651 ], [ -111.971341189888605, 33.355083943363411 ], [ -111.97123911050852, 33.355514362644008 ], [ -111.97114275176709, 33.355908477141519 ], [ -111.971050168156921, 33.356349566550527 ], [ -111.971025847670376, 33.35645637005171 ], [ -111.971000008659544, 33.356562865824095 ], [ -111.970981469173907, 33.356633797450506 ], [ -111.970958392063494, 33.356722103504147 ], [ -111.970810470407969, 33.357305477764989 ], [ -111.97071960126415, 33.357663989714631 ], [ -111.97029326605859, 33.359347635957924 ], [ -111.970216328222364, 33.359626865340445 ], [ -111.970135650299298, 33.359926885308923 ], [ -111.970066216467586, 33.360190882280207 ], [ -111.969997396903125, 33.36045847136937 ], [ -111.969929888499266, 33.360727084194508 ], [ -111.969872566178111, 33.360959862072811 ], [ -111.96980782973931, 33.361229076869563 ], [ -111.969736924962447, 33.361532024695613 ], [ -111.969682845660842, 33.361768244718398 ], [ -111.969622603416298, 33.362038190558927 ], [ -111.969556442965299, 33.362343406736557 ], [ -111.969499765679629, 33.362612058817405 ], [ -111.969441032326898, 33.362898436734845 ], [ -111.969393970048003, 33.363133787952023 ], [ -111.969319781291262, 33.363520108446643 ], [ -111.969288281578088, 33.363705315882584 ], [ -111.969194226329549, 33.364189075808376 ], [ -111.969190347622529, 33.364209732114951 ], [ -111.969187967497277, 33.3642224337664 ], [ -111.969185597019418, 33.364235096640016 ], [ -111.969182815245674, 33.36425000766102 ], [ -111.969180448008544, 33.364262701191365 ], [ -111.969177460596939, 33.364278755672764 ], [ -111.969175100895072, 33.364291473546047 ], [ -111.969172644799244, 33.364304725274835 ], [ -111.969170219783194, 33.364317839028146 ], [ -111.969167800137768, 33.364330950073963 ], [ -111.969165172714156, 33.364345218106855 ], [ -111.969162710242998, 33.36435859517627 ], [ -111.969160226385213, 33.364372148990689 ], [ -111.969157447973899, 33.364387305275663 ], [ -111.969152763077105, 33.36441296102462 ], [ -111.969150083265475, 33.364427682641406 ], [ -111.96914759518117, 33.364441362697164 ], [ -111.969145143538341, 33.364454885839152 ], [ -111.9691427540251, 33.364468081632609 ], [ -111.969140262780755, 33.364481871698594 ], [ -111.969138056452351, 33.364494117007723 ], [ -111.969135454916596, 33.364508563568087 ], [ -111.969133006551729, 33.364522183191738 ], [ -111.969130525011963, 33.364536033668166 ], [ -111.969128197702716, 33.364549031959463 ], [ -111.969125886475538, 33.364561969829062 ], [ -111.969123500294472, 33.364575355882181 ], [ -111.969120980255397, 33.364589521974494 ], [ -111.969118436673284, 33.364603853090372 ], [ -111.969116044111558, 33.364617354565375 ], [ -111.969113629084674, 33.364631026473759 ], [ -111.969111356497805, 33.364643895796306 ], [ -111.969108922212087, 33.364657710183494 ], [ -111.969106590759722, 33.364670978088427 ], [ -111.969104309656146, 33.364683984474915 ], [ -111.969101912897116, 33.364697661785485 ], [ -111.969099481887937, 33.364711569047557 ], [ -111.969097183696221, 33.364724754882154 ], [ -111.96909471952965, 33.364738923655167 ], [ -111.969092443850201, 33.364752021112125 ], [ -111.969090119989147, 33.364765412548159 ], [ -111.969087786525151, 33.36477891940757 ], [ -111.969085302065125, 33.364793300091691 ], [ -111.96908277586445, 33.36480796393154 ], [ -111.969080608421322, 33.364820569006547 ], [ -111.969078281438257, 33.364834136277786 ], [ -111.969075908419441, 33.3648479921169 ], [ -111.969073744234393, 33.364860657605178 ], [ -111.969071257742684, 33.364875242077034 ], [ -111.969069142849776, 33.364887676705543 ], [ -111.969066752757598, 33.3649017381424 ], [ -111.96906437661832, 33.364915772521861 ], [ -111.969062020824992, 33.364929688768115 ], [ -111.969059706820616, 33.36494340481611 ], [ -111.969057549169307, 33.364956221789107 ], [ -111.969055101342931, 33.364970780996124 ], [ -111.969052905177321, 33.36498388653375 ], [ -111.969050725078844, 33.364996906401679 ], [ -111.969048404730259, 33.365010800991421 ], [ -111.969046162563629, 33.365024255511592 ], [ -111.969043828330683, 33.365038295282993 ], [ -111.969041439499449, 33.365052681335548 ], [ -111.969039299108886, 33.365065619130412 ], [ -111.969037050580951, 33.365079222435831 ], [ -111.969035020488604, 33.365091517261895 ], [ -111.969032638157771, 33.365105996187985 ], [ -111.969030509605304, 33.365118967341012 ], [ -111.969028362867547, 33.365132078267344 ], [ -111.969026120834641, 33.365145766330798 ], [ -111.969023829582866, 33.365159811493683 ], [ -111.969021493386322, 33.365174173177103 ], [ -111.969019202169235, 33.365188278754708 ], [ -111.969017172200424, 33.365200788188183 ], [ -111.969015201136372, 33.365212966667663 ], [ -111.96901292711155, 33.365227073139522 ], [ -111.96901063274025, 33.36524129954784 ], [ -111.969008589991873, 33.365254006461832 ], [ -111.969006116877253, 33.365269432225055 ], [ -111.969004077383801, 33.365282193240382 ], [ -111.969001883725582, 33.365295922761511 ], [ -111.968999508080245, 33.365310817373839 ], [ -111.968997508242381, 33.365323406144874 ], [ -111.968995288954446, 33.365337407994275 ], [ -111.96899320136211, 33.365350606360842 ], [ -111.968991213335073, 33.365363181601019 ], [ -111.968988845292031, 33.365378215975454 ], [ -111.968986763097789, 33.365391459425268 ], [ -111.968984841498411, 33.365403706413368 ], [ -111.968982432832163, 33.365419098785168 ], [ -111.968980433121061, 33.365431907573893 ], [ -111.968978185059726, 33.365446321518142 ], [ -111.968976142566277, 33.365459470270928 ], [ -111.968973972697214, 33.365473461278235 ], [ -111.968972060826758, 33.36548581015554 ], [ -111.968969890983914, 33.365499847150105 ], [ -111.968967818580069, 33.36551329889118 ], [ -111.968965449686877, 33.365528721903907 ], [ -111.968963593546135, 33.365540823687873 ], [ -111.968961404512342, 33.365555119482146 ], [ -111.968959218717856, 33.365569442326482 ], [ -111.968957179594113, 33.365582844458928 ], [ -111.968955097657769, 33.36559653515782 ], [ -111.968953015745583, 33.365610267335491 ], [ -111.968950960613981, 33.365623858834432 ], [ -111.968948974005812, 33.365637030105717 ], [ -111.968946843982096, 33.365651177091912 ], [ -111.968944908775171, 33.365664048972377 ], [ -111.968942922214239, 33.365677302299439 ], [ -111.968940977411748, 33.365690303128964 ], [ -111.96893892239504, 33.365704093004545 ], [ -111.968936756077525, 33.365718652088994 ], [ -111.96893466148309, 33.3657327503673 ], [ -111.968932665387143, 33.365746237241979 ], [ -111.968930757057649, 33.365759136162154 ], [ -111.96892868822404, 33.36577318754032 ], [ -111.968926773506581, 33.365786188356722 ], [ -111.968924656543564, 33.365800623885171 ], [ -111.968922901331624, 33.365812602090685 ], [ -111.968920940666933, 33.365826042962688 ], [ -111.968918764886936, 33.365840961834401 ], [ -111.968916743260451, 33.365854892362613 ], [ -111.968914854346451, 33.36586792021923 ], [ -111.968912909798576, 33.365881361084206 ], [ -111.968910767286417, 33.365896208706204 ], [ -111.968908930856657, 33.365908951598996 ], [ -111.968906888992507, 33.36592318871817 ], [ -111.968904957368864, 33.36593668187686 ], [ -111.968902856674191, 33.365951378894771 ], [ -111.968900965747963, 33.365964643000886 ], [ -111.968899027753466, 33.365978267812352 ], [ -111.968897191446331, 33.365991221705791 ], [ -111.968895267407774, 33.366004824870103 ], [ -111.968893417223228, 33.366017935667486 ], [ -111.968891343406341, 33.366032659725121 ], [ -111.968889702990694, 33.36604433851241 ], [ -111.968887624939811, 33.366059172580812 ], [ -111.968886623367439, 33.36606632449535 ], [ -111.968884721913625, 33.366079962816677 ], [ -111.968882821533867, 33.366093601137521 ], [ -111.968877152633382, 33.366134522398085 ], [ -111.968875273745297, 33.366148163414792 ], [ -111.968873399155129, 33.366161804429645 ], [ -111.968871526715745, 33.36617544905036 ], [ -111.968869661796006, 33.36618909006102 ], [ -111.968867799026526, 33.366202733775843 ], [ -111.96886409175498, 33.366230022099373 ], [ -111.968862242953847, 33.366243665808156 ], [ -111.968858563620643, 33.366270956824742 ], [ -111.968856732011787, 33.366284600526129 ], [ -111.968853079542342, 33.366311894236198 ], [ -111.968847634148631, 33.366352837041205 ], [ -111.968845830479822, 33.366366486140819 ], [ -111.968844031107309, 33.366380132533379 ], [ -111.968831559083895, 33.366475686984579 ], [ -111.968828037709486, 33.36650299145856 ], [ -111.968824536752408, 33.366530298628916 ], [ -111.968817588566267, 33.366584918356665 ], [ -111.968814143484366, 33.366612227306319 ], [ -111.968810716672721, 33.366639542560101 ], [ -111.968809011863414, 33.366653200634147 ], [ -111.968803919998919, 33.366694173944765 ], [ -111.968785614108285, 33.366844443224643 ], [ -111.968774262854254, 33.366940095479279 ], [ -111.968764715270922, 33.3670220986345 ], [ -111.968750709819076, 33.36714512712679 ], [ -111.968743095929867, 33.367213489242204 ], [ -111.968718082553877, 33.367445988589346 ], [ -111.968709578386424, 33.367528074253876 ], [ -111.968704003503561, 33.367582802498227 ], [ -111.968695785173651, 33.367664904271066 ], [ -111.968687733405801, 33.367747019498196 ], [ -111.968679849275148, 33.36782914817919 ], [ -111.96867213815267, 33.36791128580326 ], [ -111.968665339893732, 33.36798523999196 ], [ -111.968656007242998, 33.368089291737164 ], [ -111.968651204912845, 33.368143937594795 ], [ -111.968644142731122, 33.36822592074823 ], [ -111.968637254634004, 33.368307911942715 ], [ -111.968628331274559, 33.36841724755083 ], [ -111.968621835407987, 33.368499260218897 ], [ -111.968614476120706, 33.36859495855375 ], [ -111.968590086875906, 33.368936822789806 ], [ -111.968584675298345, 33.36901889270527 ], [ -111.968578574387024, 33.369114650016883 ], [ -111.968573532480676, 33.369196736907504 ], [ -111.968567863568509, 33.36929251116775 ], [ -111.968563192409221, 33.369374613229752 ], [ -111.968558687817605, 33.36945672153287 ], [ -111.968553651865918, 33.369552523477026 ], [ -111.9685495201729, 33.369634645147315 ], [ -111.968545560421887, 33.369716772154788 ], [ -111.968541155282708, 33.369812594570249 ], [ -111.968538150300276, 33.369881043085854 ], [ -111.968534141706144, 33.36997687976023 ], [ -111.968530892294936, 33.370059028107072 ], [ -111.968526826261026, 33.37016856814018 ], [ -111.968523976620929, 33.370250728039593 ], [ -111.968520865359608, 33.370346585974147 ], [ -111.968518786728382, 33.370415061147888 ], [ -111.968516447549959, 33.370497231651214 ], [ -111.968514282467922, 33.370579407490972 ], [ -111.968511967530588, 33.370675282220205 ], [ -111.968510752329621, 33.370730069924001 ], [ -111.96850961235414, 33.370784856694172 ], [ -111.968508803852799, 33.370825949006388 ], [ -111.968507557011336, 33.370894437352995 ], [ -111.96850686457357, 33.370935529616006 ], [ -111.968506217272832, 33.370976623663275 ], [ -111.968508596254921, 33.3721590769823 ], [ -111.96850792154757, 33.373103315935495 ], [ -111.968503588906131, 33.373785533862275 ], [ -111.968501486473002, 33.37411661752823 ], [ -111.968500536365369, 33.374272346423389 ], [ -111.968530526154254, 33.374532576306066 ], [ -111.968540587113239, 33.374622066186227 ], [ -111.968549210659532, 33.374701623398082 ], [ -111.968797533748642, 33.37699302244458 ], [ -111.968794774926451, 33.377283191023437 ], [ -111.969668024738809, 33.377431881494623 ], [ -111.969783723915853, 33.377451576833664 ], [ -111.969862660397638, 33.377465067813453 ], [ -111.969894557169937, 33.377470397687105 ], [ -111.969958528654686, 33.377480267433455 ], [ -111.970006651947656, 33.3774869771444 ], [ -111.970038800578436, 33.377491116612553 ], [ -111.970054889879918, 33.377493085345272 ], [ -111.970087107057893, 33.377496828919746 ], [ -111.970119362766738, 33.377500305562421 ], [ -111.970167822336109, 33.377505019576809 ], [ -111.970183996223284, 33.377506456246088 ], [ -111.97021636000018, 33.377509132998156 ], [ -111.970232554187206, 33.377510370373955 ], [ -111.970264967158244, 33.377512643125044 ], [ -111.970281179495245, 33.377513681208235 ], [ -111.970297399313353, 33.377514649854255 ], [ -111.970313624464666, 33.37751555176915 ], [ -111.970339981046138, 33.377517640463488 ], [ -111.97036233191848, 33.377517858930375 ], [ -111.970394825919854, 33.377519062181783 ], [ -111.970411074469808, 33.377519561008398 ], [ -111.970442942706185, 33.377520349730482 ], [ -111.97047481723456, 33.37752088325707 ], [ -111.970490754976026, 33.377521052181294 ], [ -111.970517564982472, 33.377521185729165 ], [ -111.970547742096173, 33.37752112394157 ], [ -111.970569769220887, 33.377520943954814 ], [ -111.970600270664065, 33.377520479849963 ], [ -111.970630767661945, 33.377519779490946 ], [ -111.970661252692665, 33.377518845586167 ], [ -111.970691727903215, 33.37751767452783 ], [ -111.970722188997129, 33.377516270826391 ], [ -111.970737414652604, 33.377515480607222 ], [ -111.971307132965109, 33.377476283477662 ], [ -111.971767206314382, 33.377444627484159 ], [ -111.971872412194315, 33.377437387781299 ], [ -111.972080431591181, 33.37742307509118 ], [ -111.972167726248728, 33.377417066756074 ], [ -111.973254119546326, 33.377342305828563 ], [ -111.973303026695021, 33.377339344843598 ], [ -111.97333556654749, 33.377336714125441 ], [ -111.973384249936259, 33.377331782969321 ], [ -111.973448857918711, 33.377323381935533 ], [ -111.973497031150472, 33.377315710664909 ], [ -111.973528992882024, 33.377309952120847 ], [ -111.973576673676135, 33.377300348675504 ], [ -111.973633075003249, 33.377287375118172 ], [ -111.973664020772034, 33.377279514212532 ], [ -111.97368649863121, 33.377273479549693 ], [ -111.973732857103045, 33.377260075934437 ], [ -111.973748206943895, 33.377255361037037 ], [ -111.97376350296274, 33.377250519922761 ], [ -111.97378736175817, 33.377242667656191 ], [ -111.973803574094489, 33.377237143519118 ], [ -111.973834553234596, 33.377226130169397 ], [ -111.973893078807237, 33.377204242991262 ], [ -111.974946243355333, 33.376809434209783 ], [ -111.974946152782408, 33.376776766115917 ], [ -111.975163441123328, 33.376719425916058 ], [ -111.975233585957582, 33.376714764351568 ], [ -111.975641503395067, 33.37670811225756 ], [ -111.975736684876736, 33.376716686469372 ], [ -111.976056895928409, 33.376741379462715 ], [ -111.976530683376566, 33.376777911986721 ], [ -111.976689670441729, 33.376768580938688 ], [ -111.976973677239684, 33.376751916702325 ], [ -111.977402662709324, 33.376667429907307 ], [ -111.977485536630212, 33.376665713047828 ], [ -111.978062418443955, 33.376655985432002 ], [ -111.978192796074069, 33.376678337448148 ], [ -111.978183472420397, 33.378226001254994 ], [ -111.978182822442093, 33.378401919295563 ], [ -111.978218748569347, 33.37843202949032 ], [ -111.978212865527638, 33.380019192446277 ], [ -111.978178467962039, 33.380019307783499 ], [ -111.978164973022288, 33.383661035410547 ], [ -111.978248516671925, 33.383660752330165 ], [ -111.978242107119826, 33.38534220343238 ], [ -111.978239790206075, 33.385350507537368 ], [ -111.978236851940579, 33.385355643337853 ], [ -111.978232891126837, 33.385360271080394 ], [ -111.978228032349108, 33.38536425003624 ], [ -111.978225314162572, 33.38536595832349 ], [ -111.978219392586169, 33.385368747547496 ], [ -111.978216238625166, 33.385369807720373 ], [ -111.978212985612004, 33.385370633497416 ], [ -111.978206286673313, 33.385371557466051 ], [ -111.978200777021272, 33.385371656680796 ], [ -111.978193061708723, 33.385371682146676 ], [ -111.978162244724203, 33.392563961674668 ], [ -111.978129371901986, 33.392591618076665 ], [ -111.978473406270936, 33.392589798890256 ], [ -111.978430010905484, 33.400085301240559 ], [ -111.978385162903379, 33.407372244636278 ], [ -111.978378261533891, 33.414651665593155 ], [ -111.978369616955632, 33.421984320079005 ], [ -111.97839716998574, 33.425552422591423 ], [ -111.97843061557127, 33.429213303716409 ], [ -111.978465754700039, 33.432896783939057 ], [ -111.978498598694543, 33.436528651391448 ], [ -111.969800290488536, 33.436352487358263 ], [ -111.961345637880299, 33.43617239130139 ], [ -111.961246531907136, 33.440517203025991 ], [ -111.961204332083696, 33.442367388325849 ], [ -111.961171627995725, 33.443800674652394 ], [ -111.96113313680813, 33.448901051164 ], [ -111.957487016151902, 33.448883319720657 ], [ -111.957474527494767, 33.448882322942069 ], [ -111.957458963467289, 33.448881083714468 ], [ -111.957442922954755, 33.448877595796937 ], [ -111.957431689972225, 33.448875155878007 ], [ -111.957422823019172, 33.448871901845266 ], [ -111.957414378865593, 33.448868801863995 ], [ -111.957405876618765, 33.448865682063762 ], [ -111.957393723380179, 33.448859687032979 ], [ -111.9573838094705, 33.448853357635947 ], [ -111.957371307873316, 33.448845371759447 ], [ -111.957361671091007, 33.448835901641786 ], [ -111.957357206211768, 33.448831516327033 ], [ -111.957351876120995, 33.448826280089349 ], [ -111.957344837129199, 33.4488193618362 ], [ -111.957336257544142, 33.448811848062945 ], [ -111.957329819934003, 33.448807441753331 ], [ -111.957324811229242, 33.448804010616378 ], [ -111.957317055539775, 33.448798700331203 ], [ -111.957306564388361, 33.448793151991076 ], [ -111.957297189537485, 33.448789449969887 ], [ -111.957288149273083, 33.448785880388577 ], [ -111.957276010112352, 33.448782355103212 ], [ -111.957268527132072, 33.448780571282015 ], [ -111.957260291120093, 33.448778606464849 ], [ -111.957248031309106, 33.448777002743093 ], [ -111.957239949752491, 33.448776408460937 ], [ -111.957223255788705, 33.448776326457029 ], [ -111.956389984084382, 33.448772552961806 ], [ -111.956224869855873, 33.448771805936182 ], [ -111.956176902729723, 33.448769303677295 ], [ -111.956161037257644, 33.44876739351654 ], [ -111.956129643339025, 33.448761967150411 ], [ -111.956114169755537, 33.448758461748128 ], [ -111.956098876646024, 33.448754437807885 ], [ -111.956083789828156, 33.448749899830084 ], [ -111.956040007029472, 33.448733280043726 ], [ -111.956025985284825, 33.448726767895053 ], [ -111.955998940441702, 33.448712351048314 ], [ -111.955985960378371, 33.44870446707597 ], [ -111.955961187186062, 33.448687418334224 ], [ -111.955945844171382, 33.448675247513492 ], [ -111.955938136446235, 33.448668750486945 ], [ -111.955927300306996, 33.448658846016961 ], [ -111.955880736127142, 33.448604299665753 ], [ -111.955862523883368, 33.448574210218169 ], [ -111.955853994832168, 33.448556744241102 ], [ -111.955843976805269, 33.448536222865769 ], [ -111.955837263775692, 33.448524299075856 ], [ -111.955813186523216, 33.448490317923941 ], [ -111.955794030814999, 33.448469411696834 ], [ -111.955761075711166, 33.448441141109228 ], [ -111.955723662935796, 33.448417087373777 ], [ -111.955696615447238, 33.44840364249594 ], [ -111.955682547802326, 33.448397740774759 ], [ -111.955668166329843, 33.448392410829797 ], [ -111.955623428325978, 33.448379930909709 ], [ -111.955592620858667, 33.448374633166367 ], [ -111.955545634596831, 33.448371344070964 ], [ -111.955008533617658, 33.448368722344163 ], [ -111.954976125195458, 33.448367289637517 ], [ -111.9549440200595, 33.44836330861888 ], [ -111.954912503271473, 33.448356815268582 ], [ -111.954881852374456, 33.448347870817315 ], [ -111.954852337389298, 33.448336553630597 ], [ -111.954810772058622, 33.448315348472931 ], [ -111.954785218417086, 33.448298574754247 ], [ -111.954761657088355, 33.448279866267306 ], [ -111.954740295738816, 33.448259380747345 ], [ -111.9547213259128, 33.448237305690718 ], [ -111.954704913342297, 33.448213836717009 ], [ -111.954691202248128, 33.448189173960856 ], [ -111.954680315349293, 33.448163543712717 ], [ -111.954675963002799, 33.448150435200624 ], [ -111.954665555969072, 33.448110289204131 ], [ -111.954659340795416, 33.447369741191245 ], [ -111.954638044528934, 33.444691209266701 ], [ -111.954040096812363, 33.444598979027106 ], [ -111.953705372313124, 33.445298998090713 ], [ -111.953149892718841, 33.446471713110583 ], [ -111.952888664545839, 33.447023206779505 ], [ -111.952788571229704, 33.447234510216319 ], [ -111.952701856235208, 33.447402091550138 ], [ -111.952594980353652, 33.447561553423768 ], [ -111.952511467413032, 33.447665244484945 ], [ -111.952376958775289, 33.447805643148982 ], [ -111.952258937320934, 33.447923247313938 ], [ -111.952186904511521, 33.448010122619621 ], [ -111.952125537303914, 33.448114977477431 ], [ -111.952085166826052, 33.448223775762685 ], [ -111.952063244224419, 33.448363801021877 ], [ -111.952063768287758, 33.448507358147268 ], [ -111.951147064877802, 33.44733583290931 ], [ -111.950756032784852, 33.447337179962076 ], [ -111.949793991362455, 33.447337440702071 ], [ -111.943855570851298, 33.44733888495044 ], [ -111.94146504532786, 33.447357616669258 ], [ -111.940455232022288, 33.449316186084957 ], [ -111.939970928617143, 33.450063801536388 ], [ -111.940410053125618, 33.450951922420877 ], [ -111.940872077355152, 33.451620592742614 ], [ -111.941816255973151, 33.452305453649039 ], [ -111.943183264370077, 33.454960109304594 ], [ -111.942884282409437, 33.455940769157245 ], [ -111.942092384183965, 33.456545421754392 ], [ -111.941986554450722, 33.456708447484544 ], [ -111.942018371296697, 33.458799743706152 ], [ -111.941609639926043, 33.461491672687345 ], [ -111.940425446386428, 33.463381931655313 ], [ -111.939420400844881, 33.46436809107368 ], [ -111.939099639000744, 33.465323194665395 ], [ -111.940253832093774, 33.46532222481202 ], [ -111.941139338415894, 33.465351516203526 ], [ -111.942903997533463, 33.465487694245112 ], [ -111.943399986764632, 33.465542127579077 ], [ -111.943395496418219, 33.465676097657273 ], [ -111.943420752518676, 33.472933070506564 ], [ -111.9438970236925, 33.472928682826286 ], [ -111.945585451289546, 33.47291310950439 ], [ -111.952224911814497, 33.472851646998066 ], [ -111.960862452298244, 33.472764261923949 ], [ -111.960863136303175, 33.472943841235114 ], [ -111.960852704407245, 33.474797391279921 ], [ -111.960834904202898, 33.477960148165828 ], [ -111.960823940068295, 33.4801389725097 ], [ -111.960093632655415, 33.480144668681667 ], [ -111.958047011319891, 33.480163563324673 ], [ -111.95718678381597, 33.480178180921236 ], [ -111.95681449014188, 33.480353112340431 ], [ -111.955959832960218, 33.480760216744272 ], [ -111.954193018630363, 33.481601593360523 ], [ -111.953582211286985, 33.481794294551364 ], [ -111.95355200854128, 33.481803870550465 ], [ -111.953521512820274, 33.481812776668313 ], [ -111.953494575946692, 33.481819999154318 ], [ -111.953459728521139, 33.481828537755803 ], [ -111.953428488363031, 33.481835384595442 ], [ -111.953397037000073, 33.481841533576151 ], [ -111.953381242877725, 33.481844347042461 ], [ -111.953349526357982, 33.481849446514168 ], [ -111.953317662118579, 33.481853839992617 ], [ -111.953285668450448, 33.481857521160315 ], [ -111.953253571181051, 33.48186049361636 ], [ -111.95323749015192, 33.481861712948501 ], [ -111.95320527406389, 33.48186361330918 ], [ -111.953173010328371, 33.48186479862968 ], [ -111.953140721542454, 33.481865267099963 ], [ -111.95310843137996, 33.481865018712959 ], [ -111.953076158134138, 33.481864052561669 ], [ -111.95304392655602, 33.481862371343851 ], [ -111.953011758167747, 33.481859975955004 ], [ -111.952995706144108, 33.48185851089481 ], [ -111.952963677198824, 33.481855046039783 ], [ -111.952947709962174, 33.481853047143815 ], [ -111.952931772781199, 33.48185086970097 ], [ -111.952900009034593, 33.481845986382261 ], [ -111.952868409634675, 33.481840400585298 ], [ -111.952852678694398, 33.481837345720677 ], [ -111.952821369398293, 33.481830712054908 ], [ -111.952790280409289, 33.481823385813598 ], [ -111.952759437555457, 33.481815372399552 ], [ -111.952728856980443, 33.481806677218465 ], [ -111.952698229089322, 33.481798039752192 ], [ -111.952667485079957, 33.481789616915982 ], [ -111.952636925963219, 33.481780726037613 ], [ -111.952606567882128, 33.481771371621114 ], [ -111.952561418332834, 33.481756479650983 ], [ -111.952531594592358, 33.481745981709281 ], [ -111.952502006326526, 33.481735030138587 ], [ -111.952443560979006, 33.481711789548022 ], [ -111.952400410339536, 33.481693198180217 ], [ -111.952343846871685, 33.481666893934502 ], [ -111.952315998533962, 33.481653099668883 ], [ -111.952302191053818, 33.481646042448894 ], [ -111.952274806247402, 33.481631618656024 ], [ -111.952247731181473, 33.481616779987448 ], [ -111.952220988455437, 33.481601531847041 ], [ -111.952207741317807, 33.481593757606475 ], [ -111.952168515096915, 33.481569827886396 ], [ -111.952142775855307, 33.481553369363887 ], [ -111.952116370099731, 33.481538442108487 ], [ -111.952090506396388, 33.481522819483956 ], [ -111.952065232104047, 33.481506532134837 ], [ -111.952052825135596, 33.481498144483488 ], [ -111.952040578434435, 33.481489595381348 ], [ -111.952016559382145, 33.4814720236471 ], [ -111.951972145315182, 33.481441927734899 ], [ -111.951915600712496, 33.481397716481972 ], [ -111.951767382364977, 33.481475235978934 ], [ -111.951809916575741, 33.481502781596028 ], [ -111.951793752903853, 33.481549736650152 ], [ -111.951785100378899, 33.481573608830551 ], [ -111.951778462976065, 33.481591389474772 ], [ -111.951772788530974, 33.481606254658821 ], [ -111.951767555756291, 33.481619676100273 ], [ -111.951761753152667, 33.481634279827851 ], [ -111.951754528218814, 33.481652058833625 ], [ -111.951749010244285, 33.481665375758048 ], [ -111.951743764153349, 33.481677813450524 ], [ -111.951737548298368, 33.481692313598629 ], [ -111.951727783530089, 33.481714553115573 ], [ -111.951722895141373, 33.481725463230831 ], [ -111.95171695094011, 33.481738525093945 ], [ -111.951710416409995, 33.481752636699184 ], [ -111.951703275406871, 33.481767790837438 ], [ -111.951698228689082, 33.481778343022604 ], [ -111.951685491236788, 33.48180438763648 ], [ -111.951673608251951, 33.481827988408298 ], [ -111.951666840896252, 33.48184114157268 ], [ -111.951660797087669, 33.481852724677665 ], [ -111.951650902788359, 33.481871372764772 ], [ -111.951640622304424, 33.481890322126887 ], [ -111.951632916944718, 33.481904272654276 ], [ -111.951625627631316, 33.481917271773341 ], [ -111.951612373556259, 33.48194044461944 ], [ -111.951494709526656, 33.481977605119781 ], [ -111.951487249760447, 33.4819895790488 ], [ -111.951472103135941, 33.482013428684176 ], [ -111.951464413048043, 33.482025300784642 ], [ -111.951456647620475, 33.482037137739596 ], [ -111.951440888594092, 33.482060706213375 ], [ -111.951432893918494, 33.482072435929098 ], [ -111.951416677470093, 33.482095785415602 ], [ -111.951408456773322, 33.482107405185999 ], [ -111.95140016288741, 33.482118986203403 ], [ -111.951383346941014, 33.482142035588211 ], [ -111.951365976572703, 33.482164467463392 ], [ -111.951347506220387, 33.482186272964341 ], [ -111.951316974255988, 33.482218564064063 ], [ -111.951306256602791, 33.482228955512383 ], [ -111.951284037689746, 33.482249154325366 ], [ -111.951260811255821, 33.482268536477903 ], [ -111.951236620331713, 33.482287073103208 ], [ -111.95122417394019, 33.482296008785674 ], [ -111.951201656543574, 33.482309825454827 ], [ -111.951175243720797, 33.482326094918932 ], [ -111.951150555958606, 33.482340041125688 ], [ -111.951125243755328, 33.482353175072056 ], [ -111.951099338309504, 33.482365477813318 ], [ -111.951086179393528, 33.482371310940096 ], [ -111.951045316294341, 33.48238784317563 ], [ -111.951031129589154, 33.482393296967153 ], [ -111.951002658179874, 33.482404020626269 ], [ -111.950959718987065, 33.48241965982686 ], [ -111.950931359175783, 33.482429635931794 ], [ -111.95090288412716, 33.482439375817421 ], [ -111.950874293841352, 33.482448879483712 ], [ -111.950845592621363, 33.482458143322511 ], [ -111.950816783696297, 33.482467169136335 ], [ -111.950773373202736, 33.482480257501017 ], [ -111.950729736513651, 33.482492807599499 ], [ -111.950714359192503, 33.482497083163864 ], [ -111.950683525915991, 33.482505435935039 ], [ -111.950652593531103, 33.482513519118299 ], [ -111.950621559883857, 33.482521327303949 ], [ -111.950590430356939, 33.48252886590064 ], [ -111.950559210330155, 33.482536133103437 ], [ -111.950527899802395, 33.482543125305511 ], [ -111.950496505230248, 33.482549842504994 ], [ -111.950481494370223, 33.482552952947771 ], [ -111.950451414465675, 33.482558982683976 ], [ -111.950406163138183, 33.482567553017688 ], [ -111.950375911886482, 33.482572953397622 ], [ -111.950360763086991, 33.482575558011256 ], [ -111.950315229376017, 33.482582993151929 ], [ -111.950300021291895, 33.482585344397343 ], [ -111.950254316183091, 33.482592016726414 ], [ -111.950174338944649, 33.482602278948079 ], [ -111.950126212166651, 33.482607595732247 ], [ -111.950094071556265, 33.482610792805822 ], [ -111.95007798722024, 33.48261228404133 ], [ -111.950061894247867, 33.482613704042983 ], [ -111.950045793715944, 33.48261505461393 ], [ -111.950029684547744, 33.482616333951022 ], [ -111.950013567820392, 33.482617544759137 ], [ -111.949998385058066, 33.482618618255962 ], [ -111.949983196891949, 33.4826196313387 ], [ -111.94993759888925, 33.482622292773648 ], [ -111.949922390180916, 33.482623055182671 ], [ -111.949907179295025, 33.482623751766532 ], [ -111.949891960854472, 33.482624390641924 ], [ -111.949876739160388, 33.48262496369243 ], [ -111.949846289244121, 33.482625923138315 ], [ -111.949815830623223, 33.482626631907252 ], [ -111.949800595896434, 33.482626892063038 ], [ -111.949027766177494, 33.482633626352836 ], [ -111.949029604688448, 33.482973805505821 ], [ -111.949028619325262, 33.483180090591162 ], [ -111.949030649789719, 33.483420064083418 ], [ -111.949029408858479, 33.483679881162736 ], [ -111.949015876274288, 33.483680102004612 ], [ -111.949013346902504, 33.484790142853058 ], [ -111.94925594392781, 33.484787874649847 ], [ -111.949578311097909, 33.485053101099517 ], [ -111.949575318061093, 33.485430392522694 ], [ -111.949892913598603, 33.485429785700816 ], [ -111.949862419130369, 33.486492803959393 ], [ -111.949859278979915, 33.486774710283882 ], [ -111.949853716045595, 33.487563334538564 ], [ -111.951992113850849, 33.487576964102438 ], [ -111.951968876357384, 33.490548040472873 ], [ -111.95196767867175, 33.490699404895174 ], [ -111.951966391516137, 33.490988332958295 ], [ -111.950620439557966, 33.490678440008672 ], [ -111.949557739608593, 33.490433751172091 ], [ -111.948682066888679, 33.490300601630175 ], [ -111.948071921126328, 33.490278191012138 ], [ -111.947346223414897, 33.490251515781104 ], [ -111.946121650458068, 33.490371889037682 ], [ -111.945622587660679, 33.490420963331658 ], [ -111.945167210471411, 33.490465740717305 ], [ -111.944848688501693, 33.4904970600317 ], [ -111.944457073963306, 33.490535565226061 ], [ -111.944081642887667, 33.490572479520488 ], [ -111.943764905854124, 33.490663740398091 ], [ -111.943427004150138, 33.490761100501359 ], [ -111.943296740965792, 33.490794075628251 ], [ -111.943188520240071, 33.490839821129846 ], [ -111.943191559146953, 33.491566395255632 ], [ -111.943167666149407, 33.491566697927091 ], [ -111.943181213808344, 33.494581368945674 ], [ -111.943184973152441, 33.494881959094464 ], [ -111.943184494921042, 33.495325482355994 ], [ -111.943183767112316, 33.495628150032793 ], [ -111.943183245932843, 33.495930814043774 ], [ -111.94318272485603, 33.496233824290854 ], [ -111.943182203671597, 33.496536490977313 ], [ -111.94318296649412, 33.496553406613209 ], [ -111.943203120975909, 33.496553149824088 ], [ -111.943198919830508, 33.49688982831676 ], [ -111.943198410332172, 33.497230628549879 ], [ -111.943201183785462, 33.497579843579771 ], [ -111.943199569310025, 33.498320363521742 ], [ -111.943200013056156, 33.498430812020636 ], [ -111.943198987347984, 33.499090425376792 ], [ -111.943198131433078, 33.499629280981537 ], [ -111.943197272229114, 33.500167966119747 ], [ -111.943196403815236, 33.500687071819875 ], [ -111.943195373527445, 33.50134239467473 ], [ -111.943194779319441, 33.501747836243062 ], [ -111.943300819326453, 33.501748688137731 ], [ -111.943301195254676, 33.501538819608896 ], [ -111.943432269541987, 33.501539632644551 ], [ -111.943428728077819, 33.501856393206133 ], [ -111.943428788855528, 33.502246248815602 ], [ -111.943423531506511, 33.503251419810532 ], [ -111.943420594727257, 33.5038127132566 ], [ -111.943419127793149, 33.504015919327472 ], [ -111.943418113602831, 33.50446278462973 ], [ -111.943417084940265, 33.504915115970789 ], [ -111.943416678500839, 33.50511939028361 ], [ -111.943416114826832, 33.505396854204754 ], [ -111.943287226140072, 33.505396000108355 ], [ -111.942258198758253, 33.505390466830782 ], [ -111.94226020623455, 33.504842295194166 ], [ -111.942261872986563, 33.504387218065965 ], [ -111.942263537760937, 33.503932789222624 ], [ -111.942265152528137, 33.50349135196398 ], [ -111.942266756460626, 33.503053378083081 ], [ -111.942267582435576, 33.502828218578856 ], [ -111.942061988116834, 33.502831308614873 ], [ -111.941459338009082, 33.502840362852417 ], [ -111.940870035013418, 33.502849214081209 ], [ -111.940266574196784, 33.502858273495995 ], [ -111.940032455531053, 33.502861788488737 ], [ -111.940029637191017, 33.503312380892993 ], [ -111.940026821996, 33.503762764070757 ], [ -111.940023963194704, 33.504219204803761 ], [ -111.940021131303993, 33.504671752885542 ], [ -111.940018297289726, 33.505124513734295 ], [ -111.940015352674195, 33.505594387816146 ], [ -111.940012518429867, 33.506046504787996 ], [ -111.940009674757434, 33.506499691137137 ], [ -111.940000594254812, 33.507946114722415 ], [ -111.940328741526955, 33.507947896447561 ], [ -111.940593274107755, 33.507949329829756 ], [ -111.940663820652233, 33.507949714733925 ], [ -111.940674678302884, 33.508418544486048 ], [ -111.941183902468936, 33.508410692001711 ], [ -111.941197939992691, 33.509186845148157 ], [ -111.941689739880843, 33.509179400697114 ], [ -111.942174191227124, 33.509172064911894 ], [ -111.942662881280128, 33.509164664126118 ], [ -111.943044871742927, 33.509158877468579 ], [ -111.943264615415984, 33.509160623052914 ], [ -111.94340846710223, 33.509161339589689 ], [ -111.94340826771645, 33.509258497075272 ], [ -111.943393562943555, 33.511211407802307 ], [ -111.94339278580162, 33.511372554918147 ], [ -111.943388679790047, 33.512221628541269 ], [ -111.943388032194022, 33.512356035002846 ], [ -111.943384938248514, 33.512995963370798 ], [ -111.943383270522759, 33.513198025836694 ], [ -111.943382444916551, 33.513467779980246 ], [ -111.94338201257186, 33.513609128499326 ], [ -111.943380852385303, 33.51398811643336 ], [ -111.94337992783889, 33.514289740883918 ], [ -111.943378663745733, 33.514701964278956 ], [ -111.943370265101763, 33.516411365455305 ], [ -111.944485320506118, 33.516373476225759 ], [ -111.945172715346018, 33.516349380927835 ], [ -111.945225718216165, 33.516347522054176 ], [ -111.945878637901671, 33.516321530015254 ], [ -111.946521366149611, 33.516298490935078 ], [ -111.947212897549306, 33.516273699836574 ], [ -111.947543328923246, 33.516261852637371 ], [ -111.94754604673723, 33.516376194640195 ], [ -111.947688625197969, 33.516371192496699 ], [ -111.947841623793067, 33.516365827792029 ], [ -111.94848147894885, 33.516343381595554 ], [ -111.949100538705054, 33.516321662501021 ], [ -111.949721293574726, 33.516299883053946 ], [ -111.95021355222228, 33.516282608655352 ], [ -111.950574717305699, 33.516269931717282 ], [ -111.951213031701343, 33.5162475259351 ], [ -111.951797044883691, 33.516226971726958 ], [ -111.951887900134778, 33.516223837795188 ], [ -111.95246747883786, 33.516192428018691 ], [ -111.953116254444055, 33.516157266692368 ], [ -111.954266803451119, 33.516094899918322 ], [ -111.955329869174335, 33.516037266545013 ], [ -111.960351825547448, 33.515764884125922 ], [ -111.961431105486184, 33.515803319374101 ], [ -111.962709512079556, 33.515848834409887 ], [ -111.966538275456486, 33.515985072119605 ], [ -111.968221243361484, 33.516044915541286 ], [ -111.969386538892522, 33.516086361893564 ], [ -111.96938755643032, 33.516503862015611 ], [ -111.969391430173005, 33.518085904976417 ], [ -111.969401168880793, 33.522060969068193 ], [ -111.970625652528227, 33.522061120683361 ], [ -111.971726351709123, 33.522061262980742 ], [ -111.972841295734867, 33.522061399858082 ], [ -111.97370892058315, 33.522061501078014 ], [ -111.973710604498251, 33.522247115235011 ], [ -111.97371643796393, 33.522891008372284 ], [ -111.973723693346443, 33.523691809442276 ], [ -111.97777116850159, 33.523696073488736 ], [ -111.978071617731942, 33.523696268451033 ], [ -111.986434144567326, 33.523689438368585 ], [ -111.986435451914588, 33.523625574474515 ], [ -111.986609571964124, 33.523626490677884 ], [ -111.986625072635974, 33.523629524229101 ], [ -111.986640533584193, 33.523632692152709 ], [ -111.986671338455906, 33.523639422099244 ], [ -111.986686678072559, 33.523642983222921 ], [ -111.986701975809083, 33.523646674211832 ], [ -111.986732426266073, 33.523654448501567 ], [ -111.986762683363594, 33.523662739562099 ], [ -111.98677773617311, 33.523667078995985 ], [ -111.986807678467358, 33.523676140267725 ], [ -111.986852159909589, 33.523690683690297 ], [ -111.986869795910749, 33.523696975613312 ], [ -111.986910726191027, 33.52371202417099 ], [ -111.986954412310681, 33.523729506618302 ], [ -111.987009542160891, 33.523753405295651 ], [ -111.987055663973123, 33.523775439862654 ], [ -111.987105055859942, 33.52380076823281 ], [ -111.987148481599448, 33.52382496745453 ], [ -111.987208463774053, 33.523863600516748 ], [ -111.987238562079227, 33.523885665780263 ], [ -111.987309775749438, 33.523939663516742 ], [ -111.987369033047187, 33.523990916978477 ], [ -111.987417507693394, 33.524037133414218 ], [ -111.987463141985003, 33.524085485756238 ], [ -111.987495679672335, 33.52412174848704 ], [ -111.987507972234724, 33.524137929512015 ], [ -111.987533557061482, 33.524169743659812 ], [ -111.987546846085337, 33.524185363258979 ], [ -111.987560456849209, 33.524200787005611 ], [ -111.987574385043246, 33.52421601039363 ], [ -111.987588629586526, 33.524231028013418 ], [ -111.987603184013764, 33.524245832655026 ], [ -111.987618048324308, 33.524260423416671 ], [ -111.987633209596368, 33.52427479669889 ], [ -111.987648673206948, 33.524288945284937 ], [ -111.987664426233522, 33.524302864673665 ], [ -111.987680466521468, 33.524316553062839 ], [ -111.987696789757919, 33.524330002339575 ], [ -111.987713390559946, 33.524343212506871 ], [ -111.987730264619046, 33.524356180862029 ], [ -111.987747407619324, 33.524368895685399 ], [ -111.987782472456061, 33.524393569260923 ], [ -111.98780038567098, 33.524405517197494 ], [ -111.98781854520999, 33.524417200794595 ], [ -111.987827796613317, 33.524422942856695 ], [ -111.987855580644506, 33.524439765965909 ], [ -111.987893531363909, 33.524461233242079 ], [ -111.987912837434365, 33.52447154830103 ], [ -111.987932357514865, 33.524481579201272 ], [ -111.987952079759282, 33.524491321440983 ], [ -111.987972005244814, 33.524500775921233 ], [ -111.987992122125277, 33.524509938140227 ], [ -111.988032917138185, 33.524527369571167 ], [ -111.988053580195313, 33.524535635184833 ], [ -111.988074410956912, 33.524543602238751 ], [ -111.988095405106137, 33.524551258111615 ], [ -111.988116559417506, 33.524558608215372 ], [ -111.98813785881508, 33.524565648050171 ], [ -111.988159304373042, 33.524572374910264 ], [ -111.988180885324638, 33.524578787900083 ], [ -111.988202596283102, 33.524584882514219 ], [ -111.988224432943397, 33.524590660558488 ], [ -111.988246386691216, 33.524596120234378 ], [ -111.988268448907775, 33.524601254333362 ], [ -111.98830347388288, 33.524608625240113 ], [ -111.988320657794816, 33.524612041725206 ], [ -111.988384617344437, 33.524625205460318 ], [ -111.988448840978805, 33.524637433956066 ], [ -111.988513310388214, 33.524648720009118 ], [ -111.988578001885216, 33.52465906273116 ], [ -111.988642902545109, 33.524668457620919 ], [ -111.988707989756975, 33.524676903789505 ], [ -111.988773240906866, 33.524684396741371 ], [ -111.988789652546615, 33.524686035476812 ], [ -111.988838637687067, 33.524690931978448 ], [ -111.988904161798189, 33.524696514921352 ], [ -111.988969790620914, 33.524701134762765 ], [ -111.989035508010446, 33.524704798725537 ], [ -111.989101292424806, 33.524707496903495 ], [ -111.989200212474032, 33.524709745540257 ], [ -111.98944535339281, 33.524705550446953 ], [ -111.989510230554316, 33.524702173348871 ], [ -111.989575028329099, 33.52469785309507 ], [ -111.98963972625333, 33.524692581582528 ], [ -111.989704302801627, 33.524686368742628 ], [ -111.989771355085011, 33.52467841865338 ], [ -111.989790487197396, 33.524676151329771 ], [ -111.989805566290912, 33.524674238055944 ], [ -111.989820656185969, 33.524672368055022 ], [ -111.989835752580092, 33.524670545838092 ], [ -111.989850858699214, 33.524668766894678 ], [ -111.989865971316689, 33.524667034833485 ], [ -111.989881090431766, 33.524665348752855 ], [ -111.989896217122563, 33.524663710455521 ], [ -111.989911352464176, 33.524662118137414 ], [ -111.989942968874828, 33.524658941716517 ], [ -111.989958787908961, 33.524657429238623 ], [ -111.989974615596225, 33.524655965444914 ], [ -111.989990447631868, 33.524654552141257 ], [ -111.99002213443913, 33.524651878801848 ], [ -111.990037984902216, 33.524650616063582 ], [ -111.99005383971533, 33.524649405618746 ], [ -111.990069704259056, 33.524648244759092 ], [ -111.990101441008576, 33.524646073611549 ], [ -111.990133199460331, 33.524644106225068 ], [ -111.990149084670492, 33.524643197816403 ], [ -111.990164975305177, 33.524642338995477 ], [ -111.990180870290089, 33.524641532467996 ], [ -111.990196767469826, 33.524640775530145 ], [ -111.990212665770116, 33.524640070887635 ], [ -111.990228569495031, 33.524639415832873 ], [ -111.990244474338269, 33.524638810368366 ], [ -111.990260385684294, 33.524638256294367 ], [ -111.9902762970721, 33.524637751811277 ], [ -111.990292322617378, 33.524637295047889 ], [ -111.990324387834377, 33.524636536597285 ], [ -111.990340421045175, 33.524636233110513 ], [ -111.990356456454904, 33.524635983721815 ], [ -111.990372492981635, 33.524635782119994 ], [ -111.990388528478391, 33.52463563551985 ], [ -111.990404565092973, 33.524635537608233 ], [ -111.990420604981665, 33.524635491990658 ], [ -111.99045268058434, 33.524635555842586 ], [ -111.990468716297642, 33.524635664410361 ], [ -111.990484753129678, 33.52463582256842 ], [ -111.990500788931939, 33.524636035728129 ], [ -111.990516825850719, 33.524636295773 ], [ -111.990532856356097, 33.524636609921075 ], [ -111.990548889057678, 33.524636974560472 ], [ -111.99056491964997, 33.52463739059538 ], [ -111.990580949210312, 33.524637858926923 ], [ -111.990596975584054, 33.52463837775295 ], [ -111.990612996618822, 33.524638947976463 ], [ -111.990629016621767, 33.524639570496575 ], [ -111.990645036667146, 33.524640242607589 ], [ -111.990661051374431, 33.524640967017767 ], [ -111.99067706181944, 33.524641742824777 ], [ -111.990692868825491, 33.524642558425739 ], [ -111.990708669416151, 33.524643425424863 ], [ -111.990724466819685, 33.524644342016835 ], [ -111.990740261033778, 33.524645305496655 ], [ -111.990771836677879, 33.524647389352076 ], [ -111.990787614873625, 33.524648504319465 ], [ -111.990803389881563, 33.524649667978075 ], [ -111.990819157398519, 33.524650883937191 ], [ -111.99083492280586, 33.524652150390246 ], [ -111.990850680719191, 33.524653465537078 ], [ -111.990866433292467, 33.524654830278088 ], [ -111.99088217837253, 33.524656244614576 ], [ -111.990897917035255, 33.524657707644202 ], [ -111.990913649282206, 33.524659221170367 ], [ -111.990929375114916, 33.524660786996414 ], [ -111.991057436242158, 33.524672162523373 ], [ -111.991464738956751, 33.524708341025431 ], [ -111.991812149481774, 33.524739197593611 ], [ -111.991844807300723, 33.524741459053622 ], [ -111.991884216198116, 33.524743548691042 ], [ -111.991916952776009, 33.524744757811177 ], [ -111.991949708315985, 33.524745485408317 ], [ -111.991982473130705, 33.524745734193417 ], [ -111.99201523753193, 33.524745505975751 ], [ -111.992047995055771, 33.524744796250751 ], [ -111.992064306865032, 33.524744205633667 ], [ -111.992113437803511, 33.524741944032385 ], [ -111.992133830273517, 33.524740607025635 ], [ -111.992178720628601, 33.524737180292689 ], [ -111.992211279057344, 33.524734082067305 ], [ -111.99224376494206, 33.524730511391752 ], [ -111.992276175050108, 33.524726465562921 ], [ -111.992294185092177, 33.524723945162535 ], [ -111.992340713031851, 33.524716952086088 ], [ -111.992368505029702, 33.524712153437697 ], [ -111.992398033062599, 33.524706800985243 ], [ -111.99243036897883, 33.524700409863996 ], [ -111.992460309523253, 33.524694040938968 ], [ -111.992491500405023, 33.524686936363423 ], [ -111.992525475348273, 33.524678639843231 ], [ -111.992557314347039, 33.524670334703856 ], [ -111.992573402168162, 33.524665998533912 ], [ -111.992604417097837, 33.524657146561204 ], [ -111.992635241067347, 33.524647837540662 ], [ -111.992665867625504, 33.524638081394983 ], [ -111.992696287082651, 33.524627878130275 ], [ -111.992740342968872, 33.524612108462208 ], [ -111.992787910689358, 33.524593945336598 ], [ -111.993100153367536, 33.524464044843839 ], [ -111.993200814474477, 33.524416650236489 ], [ -111.993323847423881, 33.524365215654335 ], [ -111.993544986965503, 33.524272046656186 ], [ -111.99386756340833, 33.524137179412236 ], [ -111.994222739199301, 33.523988675388068 ], [ -111.994601331089228, 33.523830364151472 ], [ -111.994609662513724, 33.523826617794036 ], [ -111.994615333737954, 33.523824069653813 ], [ -111.994624580043919, 33.523820100903698 ], [ -111.994638429220899, 33.523814342104309 ], [ -111.994652606872677, 33.523808721055282 ], [ -111.994669004993597, 33.523802557591857 ], [ -111.99469587419992, 33.523793239727752 ], [ -111.994711153826216, 33.523788346543952 ], [ -111.994726125890637, 33.523783829557139 ], [ -111.994741334988433, 33.52377952431646 ], [ -111.994756861839491, 33.523775405523573 ], [ -111.994772616052813, 33.523771518319904 ], [ -111.994788215525375, 33.523767949508667 ], [ -111.994808352128786, 33.523763717795532 ], [ -111.994819887733598, 33.523761539246145 ], [ -111.994839415722083, 33.523758113121858 ], [ -111.99487071921709, 33.52375351728093 ], [ -111.994902210947004, 33.523749938420366 ], [ -111.99491800937237, 33.523748535328401 ], [ -111.994933840321622, 33.523747384687283 ], [ -111.994944829355234, 33.52374676729837 ], [ -111.994960822175386, 33.523746045756319 ], [ -111.994981448674906, 33.523745477275064 ], [ -111.995006918048176, 33.523745439528476 ], [ -111.995013228928698, 33.523745493245087 ], [ -111.995021893792639, 33.523745028803454 ], [ -111.995026159605544, 33.523744341721539 ], [ -111.995034416983231, 33.523742080467052 ], [ -111.995038342891263, 33.523740521664806 ], [ -111.995042101689094, 33.523738694264324 ], [ -111.995045663242621, 33.523736609104922 ], [ -111.995049001725675, 33.52373427882673 ], [ -111.995052096704612, 33.523731726886602 ], [ -111.995057466841615, 33.523726009473499 ], [ -111.995060161102643, 33.523719617485703 ], [ -111.995065320275586, 33.523709176247678 ], [ -111.995071866218098, 33.522788564669185 ], [ -111.995098826242156, 33.52054247656568 ], [ -111.995104453005084, 33.520331100338126 ], [ -111.995112210554254, 33.519415312438802 ], [ -111.995114606484705, 33.519179945110452 ], [ -111.995117003951307, 33.518717320855032 ], [ -111.995122170090966, 33.51850505398491 ], [ -111.995133244254035, 33.517417852121504 ], [ -111.995134219032451, 33.517109650564102 ], [ -111.995150419214383, 33.513557193771959 ], [ -111.996386889331134, 33.513567642045011 ], [ -111.996620921407441, 33.513569942921833 ], [ -111.998146103887507, 33.513584914535286 ], [ -111.999697367104247, 33.513600126712809 ], [ -111.999699763755828, 33.513474431913558 ], [ -111.999929618299348, 33.513599537117287 ], [ -112.000846206331559, 33.514098516458795 ], [ -112.001645505015205, 33.514533772964768 ], [ -112.003983180209687, 33.51510809588185 ], [ -112.00408565227383, 33.515129103366768 ], [ -112.005528568563079, 33.515484783349713 ], [ -112.005828533255411, 33.515558710330474 ], [ -112.005859432341637, 33.515566286644443 ], [ -112.00590550134946, 33.515578418191353 ], [ -112.005966369833956, 33.515596002404607 ], [ -112.006026547822586, 33.51561518849077 ], [ -112.00607118964669, 33.515630615787501 ], [ -112.006115385659257, 33.515646923441274 ], [ -112.006159106786626, 33.515664101554897 ], [ -112.006202330417494, 33.515682143833438 ], [ -112.006245030699134, 33.515701032262236 ], [ -112.006287189331573, 33.515720765953354 ], [ -112.006328775081414, 33.515741328699519 ], [ -112.006388274020665, 33.515769920648523 ], [ -112.006896444707579, 33.516014128246752 ], [ -112.006931655263713, 33.516030985872597 ], [ -112.006960050466915, 33.516044513999923 ], [ -112.007031154053109, 33.516078160178722 ], [ -112.007088163790471, 33.516104889808396 ], [ -112.007145282112788, 33.516131452519396 ], [ -112.007202512251126, 33.516157850112599 ], [ -112.007259850973, 33.516184079885136 ], [ -112.007317300431168, 33.516210141835266 ], [ -112.007374854166528, 33.516236035967609 ], [ -112.00744695115111, 33.516268169041915 ], [ -112.007533683823524, 33.516306378660332 ], [ -112.00760614309003, 33.516337931587998 ], [ -112.007678766833862, 33.516369221058184 ], [ -112.007774240479719, 33.516410312203782 ], [ -112.00836440079722, 33.516664300794609 ], [ -112.008701872360064, 33.51680953757873 ], [ -112.00914882281792, 33.517001888999594 ], [ -112.009817814874225, 33.517287189721323 ], [ -112.011460147533214, 33.517969291669274 ], [ -112.012651802053909, 33.518464199726637 ], [ -112.012655315819345, 33.518668941360353 ], [ -112.01291845479345, 33.518770629200247 ], [ -112.012909423269875, 33.523343391774503 ], [ -112.012911155055164, 33.524625019165128 ], [ -112.012913997206397, 33.527854479226448 ], [ -112.012915942010238, 33.531674794695014 ], [ -112.012941286428372, 33.531674557688881 ], [ -112.012950825442388, 33.531673376273616 ], [ -112.012951803490409, 33.53200596456545 ], [ -112.012820231018765, 33.532005652008351 ], [ -112.003817744858821, 33.531978495392231 ], [ -112.002251758346702, 33.53197258493914 ], [ -112.001919787260192, 33.531972777833602 ], [ -112.001260240702081, 33.531972738665125 ], [ -111.995270054637544, 33.531963352950974 ], [ -111.995272109029813, 33.533457824417141 ], [ -111.995188276324498, 33.533587951698429 ], [ -111.995187338428096, 33.535595857264845 ], [ -111.995186008150583, 33.539101355481932 ], [ -111.995311898063733, 33.539102353114032 ], [ -111.99533784820099, 33.545557279028301 ], [ -111.995465985157239, 33.546323537291435 ], [ -111.99533830834693, 33.553714888026825 ], [ -112.012949290489843, 33.553701565895906 ], [ -112.021341518259845, 33.552909716416536 ], [ -112.030250869596188, 33.552902581260518 ], [ -112.037841118978022, 33.553250055385142 ], [ -112.038183524539278, 33.558550653012034 ], [ -112.038311517682502, 33.56053245461694 ], [ -112.039612535143775, 33.560545889386383 ], [ -112.042754516277498, 33.560578919157145 ], [ -112.043800610930859, 33.560589889481427 ], [ -112.044279988174239, 33.560594915466694 ], [ -112.046462657302911, 33.560617782534727 ], [ -112.046921499979547, 33.560622585380713 ], [ -112.047464149355662, 33.560628273631316 ], [ -112.047986373800853, 33.560633743126175 ], [ -112.050165839738099, 33.560619640536302 ], [ -112.052351631196657, 33.560605457478701 ], [ -112.05300038425932, 33.560601238073829 ], [ -112.054159443561247, 33.560593681385896 ], [ -112.055510283868685, 33.560584878196813 ], [ -112.060999901292575, 33.560548707882141 ], [ -112.0610639622939, 33.560547259010228 ], [ -112.061079968014042, 33.560546671377011 ], [ -112.061111962849537, 33.560545226520098 ], [ -112.061159909270032, 33.560542378049938 ], [ -112.061191827206301, 33.56054002977411 ], [ -112.061255539568833, 33.560534252222176 ], [ -112.061287319999096, 33.560530826569227 ], [ -112.061334881274746, 33.560525013742172 ], [ -112.061398056187628, 33.560516010517333 ], [ -112.061429532356314, 33.560510976578193 ], [ -112.06146091961142, 33.560505586569668 ], [ -112.061492221185134, 33.560499841389586 ], [ -112.061523397087385, 33.560493657228285 ], [ -112.061585897309513, 33.560481815292185 ], [ -112.061633008010858, 33.560473869492242 ], [ -112.06166452107793, 33.5604690202955 ], [ -112.061696106894004, 33.560464525367593 ], [ -112.061743618144888, 33.560458462675506 ], [ -112.061775370247716, 33.560454871020518 ], [ -112.061807174649573, 33.560451640871591 ], [ -112.061854977697791, 33.560447473135781 ], [ -112.061902867187129, 33.560444118599612 ], [ -112.06193483879288, 33.560442339032328 ], [ -112.061950833436342, 33.560441583586218 ], [ -112.061998848442784, 33.560439867226634 ], [ -112.062030876796072, 33.560439175901259 ], [ -112.064236423986571, 33.560435365425427 ], [ -112.064252358676029, 33.560435467255523 ], [ -112.064268296717742, 33.560435640312612 ], [ -112.064284231655776, 33.560435888211217 ], [ -112.064300163484035, 33.560436207344544 ], [ -112.064316095438215, 33.560436600413816 ], [ -112.064332021056273, 33.560437067426705 ], [ -112.064347946797227, 33.560437606572201 ], [ -112.064363866197539, 33.560438216956278 ], [ -112.064379784646917, 33.560438901277564 ], [ -112.064395694603192, 33.560439657741732 ], [ -112.064411603604, 33.560440485438079 ], [ -112.064427504114889, 33.560441387080637 ], [ -112.064443397212884, 33.560442362668113 ], [ -112.064459285044393, 33.56044340768959 ], [ -112.064475168698749, 33.560444529357191 ], [ -112.064491042777107, 33.560445719562217 ], [ -112.064506907288703, 33.560446983714755 ], [ -112.064522765461547, 33.560448320007623 ], [ -112.064538612990702, 33.560449730249289 ], [ -112.064554452025632, 33.560451211732143 ], [ -112.064570280412312, 33.560452764458823 ], [ -112.06458610031099, 33.560454392033378 ], [ -112.064601906330466, 33.560456090855624 ], [ -112.064617702778847, 33.560457860920359 ], [ -112.064633488580682, 33.560459703130554 ], [ -112.064649262657454, 33.560461616585862 ], [ -112.064665022859799, 33.56046360399386 ], [ -112.064680768106115, 33.560465662650806 ], [ -112.064696499470358, 33.560467790752071 ], [ -112.064712220194409, 33.560469994605569 ], [ -112.064727925959474, 33.560472267904693 ], [ -112.064743614616148, 33.560474613357023 ], [ -112.064775374664592, 33.560479532825688 ], [ -112.064791473812662, 33.560481962539221 ], [ -112.064823724500528, 33.560486596476096 ], [ -112.064839869587345, 33.560488806117284 ], [ -112.064856031774852, 33.56049093819103 ], [ -112.064872205688673, 33.56049299901553 ], [ -112.064888393473595, 33.56049498317816 ], [ -112.064904594057154, 33.56049689338515 ], [ -112.064920807439321, 33.560498729636578 ], [ -112.064937030392059, 33.560500493739674 ], [ -112.064953266138716, 33.560502181182095 ], [ -112.064985770643872, 33.56050533510831 ], [ -112.065002039399189, 33.560506799788712 ], [ -112.065018314490771, 33.560508190521254 ], [ -112.065034599148063, 33.560509506400351 ], [ -112.065050893372572, 33.560510748327701 ], [ -112.065067191774531, 33.560511913604749 ], [ -112.065083501900745, 33.56051300673078 ], [ -112.065099816204352, 33.560514023206494 ], [ -112.065116138997965, 33.56051496573172 ], [ -112.065132465973505, 33.56051583431168 ], [ -112.065148799283392, 33.560516628042031 ], [ -112.065165138924527, 33.560517345119464 ], [ -112.06518148167352, 33.560517990056248 ], [ -112.065197827519526, 33.560518556540593 ], [ -112.065214176473305, 33.56051905088426 ], [ -112.065230531761216, 33.560519470378374 ], [ -112.06524688691961, 33.560519814128988 ], [ -112.06526324194995, 33.560520083037765 ], [ -112.06528150979149, 33.560521621925027 ], [ -112.065280684488215, 33.560630231722847 ], [ -112.065277867659034, 33.561001633550546 ], [ -112.065273695195671, 33.561551841907828 ], [ -112.065268014356107, 33.562300489302714 ], [ -112.065254221481496, 33.564137354646356 ], [ -112.066117451007131, 33.564136537302062 ], [ -112.067414738540108, 33.564135297023569 ], [ -112.067840233912733, 33.564134885437312 ], [ -112.07389861728349, 33.564081620567158 ], [ -112.073899239671121, 33.562311052262508 ], [ -112.073899525630708, 33.561501860638536 ], [ -112.073899907704941, 33.560413448679938 ], [ -112.073900376370602, 33.559762707798129 ], [ -112.073900566262594, 33.559497804356013 ], [ -112.073900817846251, 33.559147476124849 ], [ -112.073901004810764, 33.558886898041443 ], [ -112.073901278147957, 33.558492104969467 ], [ -112.073901526304141, 33.558147606077782 ], [ -112.073905327482251, 33.552817115391825 ], [ -112.075113745987963, 33.552829651927354 ], [ -112.075571133655018, 33.552834394700966 ], [ -112.075720170090619, 33.552835937272185 ], [ -112.096805346171848, 33.553070051967275 ], [ -112.099629407229372, 33.553101135194368 ], [ -112.099574999994829, 33.538641999229881 ], [ -112.097116959170791, 33.53860111615549 ], [ -112.082441530255068, 33.538356012027123 ], [ -112.082453656752236, 33.51681547507097 ], [ -112.082454786494196, 33.516601294074128 ], [ -112.064999512722906, 33.516379327592027 ], [ -112.06500624116498, 33.509228944490708 ], [ -112.044372205642304, 33.509237322205038 ], [ -112.0443855301437, 33.507480928731809 ], [ -112.04438112544031, 33.507316638564603 ], [ -112.04437669726768, 33.507234553031175 ], [ -112.044371875948443, 33.507166197975891 ], [ -112.044360603572215, 33.507043307982364 ], [ -112.044346004573057, 33.506920666674077 ], [ -112.044328086582823, 33.506798330848582 ], [ -112.044299049036852, 33.506635809011492 ], [ -112.044264121728304, 33.506473969498678 ], [ -112.044234020478541, 33.506352923895861 ], [ -112.044200636261323, 33.50623248399345 ], [ -112.04384891830081, 33.505040016759274 ], [ -112.043825851457854, 33.504960576938174 ], [ -112.043800831660619, 33.504867523551404 ], [ -112.043777861786523, 33.50477410016429 ], [ -112.043751350933235, 33.504653493457013 ], [ -112.043730650849312, 33.50454587237595 ], [ -112.043710595740237, 33.504424393409131 ], [ -112.043697373514306, 33.504329654353107 ], [ -112.043682098193528, 33.504193994959387 ], [ -112.043672946686399, 33.50408525474176 ], [ -112.043667874206577, 33.504003608924052 ], [ -112.043664822420311, 33.503935523400358 ], [ -112.043662839388475, 33.503867413336344 ], [ -112.043661922965157, 33.503799285046114 ], [ -112.043661961758673, 33.503744779458103 ], [ -112.043705643180189, 33.498359687302262 ], [ -112.030214471194725, 33.498454603541262 ], [ -112.030195800622764, 33.487561295894899 ], [ -112.029758605673223, 33.487569207655248 ], [ -112.029086967103154, 33.487580959189643 ], [ -112.028752153421053, 33.487586866496031 ], [ -112.028233807539422, 33.487596012138759 ], [ -112.027702965965545, 33.487605400349103 ], [ -112.026964257223071, 33.487618459221508 ], [ -112.026281797883883, 33.487630519875815 ], [ -112.025765674695165, 33.487639639704426 ], [ -112.02523461949032, 33.487649020235466 ], [ -112.024753121599289, 33.487657523013674 ], [ -112.023944316102174, 33.487671802616411 ], [ -112.022652925143746, 33.48769459142963 ], [ -112.021576717345184, 33.48771352663438 ], [ -112.017592452402482, 33.487784635705303 ], [ -112.015103835070832, 33.487828986451682 ], [ -112.012945858923985, 33.487867405115352 ], [ -112.012910000109471, 33.480490999266728 ], [ -112.004028085078232, 33.480481421361013 ], [ -111.995498490358088, 33.480471624479478 ], [ -111.993121871304439, 33.480409716785218 ], [ -111.99136205472216, 33.480363848399335 ], [ -111.991242302689429, 33.480360508489255 ], [ -111.99052893745413, 33.480341881901339 ], [ -111.989731918034408, 33.480321066144683 ], [ -111.989270669213496, 33.480308992961817 ], [ -111.989140211860445, 33.480305577040092 ], [ -111.989100708921171, 33.480304560475659 ], [ -111.988632117294586, 33.480292295342387 ], [ -111.988426055517976, 33.480286905447741 ], [ -111.98790565327613, 33.480273284350289 ], [ -111.987644439664834, 33.480266464094122 ], [ -111.987596073306378, 33.480265191535047 ], [ -111.987513595061742, 33.480263041271733 ], [ -111.98699755108521, 33.480249506744649 ], [ -111.985880542635797, 33.480229478571204 ], [ -111.984996586180102, 33.480213614966971 ], [ -111.984846827918801, 33.480210926522787 ], [ -111.984685312823657, 33.480208027041229 ], [ -111.984363162866629, 33.480202242294659 ], [ -111.982729427284227, 33.480172879128723 ], [ -111.982641536182911, 33.480171298380739 ], [ -111.982585940328846, 33.480170299125362 ], [ -111.98258877827223, 33.479993323299837 ], [ -111.982597597191344, 33.479443355389158 ], [ -111.982601020582337, 33.479054919472212 ], [ -111.982607378571501, 33.478644220862712 ], [ -111.982612545674897, 33.478182798766809 ], [ -111.982617606044769, 33.477772291047572 ], [ -111.982622546871283, 33.477319097899489 ], [ -111.982627771095068, 33.476909110314999 ], [ -111.982633745647448, 33.476440037655323 ], [ -111.982639575594675, 33.476014495402048 ], [ -111.982645861314666, 33.475555793837799 ], [ -111.982652208379804, 33.475139778588726 ], [ -111.982659130441093, 33.474686088257975 ], [ -111.982664533552366, 33.4742754565901 ], [ -111.982670559164518, 33.473817431308007 ], [ -111.982680602140192, 33.472912241765179 ], [ -111.982671569765699, 33.472454012501437 ], [ -111.982679264461737, 33.471995186388959 ], [ -111.982692870989638, 33.471087672807293 ], [ -111.982702966748448, 33.470329336188172 ], [ -111.98271248265003, 33.469562772684668 ], [ -111.982717436332521, 33.469232648193348 ], [ -111.982248327931856, 33.469005361669055 ], [ -111.98225155390017, 33.468640293639574 ], [ -111.982258484276841, 33.468186908525297 ], [ -111.98227248461049, 33.467240050382642 ], [ -111.982280074300363, 33.466726718951634 ], [ -111.982297736632034, 33.465643150203483 ], [ -111.982094458089193, 33.465642676058813 ], [ -111.981206170030077, 33.46564060520987 ], [ -111.981080986334121, 33.465640311441824 ], [ -111.980919012891633, 33.465639933826857 ], [ -111.980779434332206, 33.465639607539423 ], [ -111.980529061566642, 33.4656390199195 ], [ -111.980347267752407, 33.465638594057573 ], [ -111.980135763281226, 33.465638098383863 ], [ -111.979753734525005, 33.46563720232718 ], [ -111.979435189496897, 33.46563645420791 ], [ -111.979086530372555, 33.465635634775026 ], [ -111.978467112238945, 33.465634175074157 ], [ -111.978456402634421, 33.457189850083836 ], [ -111.978413334323449, 33.441753878417053 ], [ -111.980275000021877, 33.442711999413227 ], [ -111.979487630784902, 33.439510844938013 ], [ -111.978816638366723, 33.436749734421042 ], [ -111.978503122825884, 33.435336203688024 ], [ -111.978389768472937, 33.41836769170294 ], [ -111.978393570832722, 33.41509441854722 ], [ -111.978398589214237, 33.410187375595648 ], [ -111.978420932160944, 33.404512083661025 ], [ -111.978439134429706, 33.401301791194165 ], [ -111.978458340873132, 33.39840161509413 ], [ -111.978497480804947, 33.393014926927016 ], [ -111.978500434685486, 33.392589731323902 ], [ -111.978500501083275, 33.392578752971332 ], [ -111.978350862676521, 33.392579629057487 ], [ -111.978184408071868, 33.392580890214887 ], [ -111.97818444499768, 33.392572270750463 ], [ -111.978183996192925, 33.392391426713004 ], [ -111.978189314589827, 33.391090809085718 ], [ -111.978199998844872, 33.388478142904546 ], [ -111.978201941822704, 33.388003045024853 ], [ -111.978202730286725, 33.387810094774331 ], [ -111.978203701301481, 33.387572649510382 ], [ -111.978204823529964, 33.387298105977102 ], [ -111.978205643235057, 33.387097640831136 ], [ -111.978206430019711, 33.386905376755188 ], [ -111.978207415694783, 33.386664352558824 ], [ -111.978208156503968, 33.38648312272862 ], [ -111.97820902391598, 33.386271056119668 ], [ -111.978209697769771, 33.386106169822412 ], [ -111.978210156197264, 33.385994037327073 ], [ -111.978210743949518, 33.385850353897709 ], [ -111.978211231644593, 33.3857309463787 ], [ -111.978211590097303, 33.385643208816447 ], [ -111.978211963331034, 33.385552042038505 ], [ -111.978212331988445, 33.38546200871231 ], [ -111.978212662906571, 33.385380960052622 ], [ -111.978217759451653, 33.385380347066892 ], [ -111.978220193595774, 33.385379766059543 ], [ -111.978223026393863, 33.38537901713616 ], [ -111.978227144020124, 33.385377272086444 ], [ -111.978230054934414, 33.385376028986478 ], [ -111.978233818885826, 33.385374218287055 ], [ -111.978235639014571, 33.38537325255335 ], [ -111.978240522276451, 33.385370461138528 ], [ -111.978242965349494, 33.385368824222645 ], [ -111.978244853802352, 33.385367196598949 ], [ -111.978246933019093, 33.385364773571432 ], [ -111.978249937785108, 33.385360963253028 ], [ -111.978252104438639, 33.385357545594729 ], [ -111.97825484293115, 33.385352624500278 ], [ -111.978257514876674, 33.385346313000291 ], [ -111.978258768404842, 33.385339037373313 ], [ -111.978258973909874, 33.385284453994537 ], [ -111.978259412847535, 33.385167639809794 ], [ -111.978260004731325, 33.385010118700123 ], [ -111.978260543227847, 33.384866823007989 ], [ -111.978261114192918, 33.384714699544112 ], [ -111.978261573177178, 33.384592786161953 ], [ -111.978261927013236, 33.384498577004486 ], [ -111.978262497131112, 33.384346781754878 ], [ -111.978262948733118, 33.384226597851317 ], [ -111.978263385934341, 33.38411038148206 ], [ -111.978264114493967, 33.383916535740468 ], [ -111.97826446655499, 33.383822863993522 ], [ -111.978264569698155, 33.383795368059722 ], [ -111.978264757957291, 33.383745296839294 ], [ -111.978265139845078, 33.383643624190384 ], [ -111.978181377013215, 33.383644003873677 ], [ -111.978181516741543, 33.383605844282819 ], [ -111.978181919776574, 33.383495906535181 ], [ -111.978182305716274, 33.383390693761591 ], [ -111.978182870996463, 33.383236416977802 ], [ -111.978183299310999, 33.38311964423869 ], [ -111.978183700672929, 33.383010388177077 ], [ -111.978184265899159, 33.382856040148638 ], [ -111.978184738485268, 33.38272735036179 ], [ -111.978185138719425, 33.382618023058633 ], [ -111.978185283943546, 33.382578513596641 ], [ -111.978185687794578, 33.382468218752621 ], [ -111.978186225316207, 33.382321851773042 ], [ -111.978186654346132, 33.382204578566402 ], [ -111.978187092661599, 33.382085229612997 ], [ -111.978187594788196, 33.381948130433415 ], [ -111.97818799334469, 33.381839481204437 ], [ -111.978188513664634, 33.381697694913484 ], [ -111.978188928340785, 33.381584465878781 ], [ -111.978189517137139, 33.38142392574926 ], [ -111.978190093254327, 33.381266750809822 ], [ -111.97819060623037, 33.38112675350537 ], [ -111.978191142865015, 33.380980671435431 ], [ -111.978191515210497, 33.380879072686461 ], [ -111.978191741436945, 33.380817233183897 ], [ -111.978192587172785, 33.380586587522714 ], [ -111.978193147110119, 33.38043392112899 ], [ -111.978193608694156, 33.380307951761836 ], [ -111.978194133390886, 33.380164769583708 ], [ -111.978194629347783, 33.380029617160602 ], [ -111.978229174161967, 33.380029499040717 ], [ -111.978229458304824, 33.379950746993266 ], [ -111.9782297212315, 33.379878493592791 ], [ -111.978230072315384, 33.37978187048239 ], [ -111.978230457456021, 33.379675618873968 ], [ -111.978230683400909, 33.379613421379823 ], [ -111.978230914819591, 33.379549840656317 ], [ -111.978231136264341, 33.379488883918746 ], [ -111.978231325299291, 33.379436843324328 ], [ -111.978231549358611, 33.379375021842627 ], [ -111.978231750961513, 33.379319463662675 ], [ -111.978231885994703, 33.379282304046058 ], [ -111.978232019131141, 33.379245503311481 ], [ -111.978232158740653, 33.379207212043632 ], [ -111.978232288333885, 33.379171484347637 ], [ -111.978232426931342, 33.379133282349315 ], [ -111.978232532254864, 33.379104294961991 ], [ -111.978232640361725, 33.379074681785077 ], [ -111.978232769048873, 33.379039193944173 ], [ -111.97823290220505, 33.379002422062932 ], [ -111.978233049786681, 33.378961717808288 ], [ -111.978233130794649, 33.37893940580625 ], [ -111.978233245167829, 33.378908009039058 ], [ -111.978233322494845, 33.37888657440444 ], [ -111.978233387331144, 33.378868767363372 ], [ -111.978233471898506, 33.378845405766448 ], [ -111.978233557581262, 33.37882210187842 ], [ -111.97823362766843, 33.378802595107402 ], [ -111.978233711389649, 33.378779558126986 ], [ -111.978233790557255, 33.378757685258947 ], [ -111.97823386989954, 33.378736060361561 ], [ -111.97823395525937, 33.37871229840357 ], [ -111.97823403182079, 33.378691302902453 ], [ -111.97823411097491, 33.378669411098116 ], [ -111.978234158779429, 33.378656413796953 ], [ -111.978234187644304, 33.378648568887826 ], [ -111.978234257839247, 33.378629215407265 ], [ -111.978234333299113, 33.378608182034455 ], [ -111.978234409968408, 33.378587339823945 ], [ -111.978234489928369, 33.378565066594682 ], [ -111.978234547671988, 33.37854939661382 ], [ -111.97823461789352, 33.378530081004833 ], [ -111.978234691688485, 33.378509735638843 ], [ -111.978234742030963, 33.378495764487042 ], [ -111.978234795153568, 33.378481163037101 ], [ -111.978234841090497, 33.378468566096622 ], [ -111.978234880660438, 33.378457610275277 ], [ -111.97823490495891, 33.378450911444183 ], [ -111.978235006658139, 33.378422883477171 ], [ -111.978199560176975, 33.37839319865742 ], [ -111.978200126481994, 33.378220606172277 ], [ -111.978200014392058, 33.378182007539053 ], [ -111.978237851539802, 33.378181847208033 ], [ -111.978330728544961, 33.378181454847031 ], [ -111.978368906393328, 33.37818129340512 ], [ -111.982423090949126, 33.378160349048443 ], [ -111.982662448479388, 33.37815889740633 ], [ -111.98408934190401, 33.378150228874162 ], [ -111.984404501541306, 33.378147105988582 ], [ -111.986979295814038, 33.37813002140458 ], [ -111.98704903945972, 33.378129709562302 ], [ -111.987927212414476, 33.378125507001727 ], [ -111.988191586387714, 33.378124451433706 ], [ -111.988488570878076, 33.378123264626183 ], [ -111.988920335672233, 33.378120803058522 ], [ -111.989666370815272, 33.378117657823353 ], [ -111.990682370673071, 33.37811336636274 ], [ -111.991159030938462, 33.378111326496537 ], [ -111.991653948069839, 33.378109051049428 ], [ -111.992242957227745, 33.37810720871208 ], [ -111.992252120919716, 33.377289949911955 ], [ -111.992273052112665, 33.37536747034919 ], [ -111.992280748723758, 33.374448866803021 ], [ -111.996790786162776, 33.374401081960819 ], [ -111.996819402710557, 33.374340046403738 ], [ -111.996899795119006, 33.374340016111326 ], [ -111.996943788407307, 33.370752406102802 ], [ -112.005665112980154, 33.370755026441294 ], [ -112.01614122306556, 33.370730514185496 ], [ -112.022966834477458, 33.370633126963632 ], [ -112.02297291129571, 33.368873562425051 ], [ -112.026772683371235, 33.368820684310386 ], [ -112.026751111085588, 33.367803836170204 ], [ -112.026764286852185, 33.367740374537064 ], [ -112.026800419880033, 33.367683538164798 ], [ -112.02685589683702, 33.367639010132031 ], [ -112.027226720755792, 33.367446368471718 ], [ -112.02739319014583, 33.367322139865138 ], [ -112.027763059380277, 33.366914710247443 ], [ -112.028355847690079, 33.366251663444316 ], [ -112.028869451155359, 33.366319157063856 ], [ -112.03164173283254, 33.366687058911815 ], [ -112.031628580575955, 33.363261684140006 ], [ -112.04019738241, 33.363253368657851 ], [ -112.040192726175277, 33.356012446051878 ], [ -112.048774422389997, 33.356005077695428 ], [ -112.049106367709314, 33.348766453962213 ], [ -112.0573655552585, 33.3488124316697 ], [ -112.0659665702632, 33.348854178152038 ], [ -112.081656676166943, 33.348683949144878 ], [ -112.082172001575742, 33.348496998833504 ], [ -112.082976001557526, 33.348342998336896 ], [ -112.083058001054582, 33.348311998440103 ], [ -112.08312000093008, 33.348274998233265 ], [ -112.083739001204634, 33.347844999275921 ], [ -112.083945000290015, 33.347717998517894 ], [ -112.084221000871807, 33.347562998509787 ], [ -112.084283000600635, 33.347512998592876 ], [ -112.084332000306532, 33.347452998140319 ], [ -112.084366000246931, 33.347388998077541 ], [ -112.084389999893659, 33.347314997963245 ], [ -112.084418000900598, 33.347243997855614 ], [ -112.084473000749412, 33.347146998173685 ], [ -112.084521000328394, 33.347084998088739 ], [ -112.084607001347109, 33.347001998852463 ], [ -112.084748000893455, 33.346890998105351 ], [ -112.084933000790087, 33.346734998799597 ], [ -112.085250000941329, 33.346440999215389 ], [ -112.085433000180899, 33.346247999079161 ], [ -112.08548900015245, 33.346172998530278 ], [ -112.085544999642735, 33.346084997924706 ], [ -112.085602001918744, 33.34596999947005 ], [ -112.08570700136535, 33.345696998397138 ], [ -112.085810000140938, 33.345381998040345 ], [ -112.085917000065464, 33.344926998081412 ], [ -112.085944000307677, 33.344813997958646 ], [ -112.086049000583458, 33.344464998150499 ], [ -112.086097000551632, 33.344312998094274 ], [ -112.086296000655608, 33.343738998101912 ], [ -112.086403000189065, 33.343459998111044 ], [ -112.086559999981247, 33.343096998819853 ], [ -112.086656000357166, 33.342909999471054 ], [ -112.086843001323984, 33.342581998505807 ], [ -112.08692300005626, 33.342423997503651 ], [ -112.087016000221212, 33.3422009991585 ], [ -112.08706899980082, 33.342035998993147 ], [ -112.087118000200277, 33.34192099903224 ], [ -112.087165999774356, 33.341829997792537 ], [ -112.087260001354522, 33.341680999001476 ], [ -112.087386000590172, 33.341523999414768 ], [ -112.087446001110337, 33.34145899787724 ], [ -112.087511001309139, 33.341399998468759 ], [ -112.087628002647762, 33.341312998604032 ], [ -112.087772001557951, 33.341229998420296 ], [ -112.088560999645267, 33.34085899793277 ], [ -112.088884000805763, 33.340659997988482 ], [ -112.088959001408526, 33.34060599929564 ], [ -112.08906799952608, 33.340502999199039 ], [ -112.08917500022153, 33.340381999016195 ], [ -112.089282999997778, 33.34023499906899 ], [ -112.089334001044691, 33.340144998214527 ], [ -112.089362000964385, 33.340074997828125 ], [ -112.089442000756705, 33.339809998400654 ], [ -112.089490001477628, 33.339728998975438 ], [ -112.08953500074891, 33.33968399932089 ], [ -112.089595000687524, 33.339636999497742 ], [ -112.08965400048244, 33.339601999275409 ], [ -112.089758999947307, 33.33955699801291 ], [ -112.089868000826769, 33.339525998342594 ], [ -112.090822001508073, 33.339330998191798 ], [ -112.091918999815533, 33.339082998042457 ], [ -112.092403000669293, 33.338982999128461 ], [ -112.092668001091539, 33.33894499797546 ], [ -112.093038000559872, 33.338900998668166 ], [ -112.0934299997121, 33.338866998545647 ], [ -112.093647000827943, 33.338841997826023 ], [ -112.093713999998243, 33.338821997852754 ], [ -112.093764000048793, 33.338798999529821 ], [ -112.093828000212469, 33.338757998289076 ], [ -112.093888000588151, 33.33870099815902 ], [ -112.094095999700556, 33.338480998909439 ], [ -112.094362999871691, 33.338218999522816 ], [ -112.094433001347454, 33.338140998269274 ], [ -112.094503000354862, 33.338036998691059 ], [ -112.09471200137834, 33.337594998870351 ], [ -112.094740000999209, 33.337510998104079 ], [ -112.094753000014251, 33.33743199901955 ], [ -112.094750001429446, 33.337358999447865 ], [ -112.094669001054569, 33.336895999343476 ], [ -112.094658001117551, 33.336797999414451 ], [ -112.094656000894318, 33.336656998148207 ], [ -112.094668001560507, 33.336561998628945 ], [ -112.094702999827192, 33.336438999402887 ], [ -112.094750000387307, 33.336336998365766 ], [ -112.09483400079246, 33.336210999154623 ], [ -112.094960000847152, 33.336046997168104 ], [ -112.095099001291743, 33.335889998043413 ], [ -112.095397001292966, 33.335582998522746 ], [ -112.095459001253204, 33.335501999148207 ], [ -112.095511000321508, 33.335416998797299 ], [ -112.095562999749092, 33.335306998324747 ], [ -112.095602001581369, 33.335188998487631 ], [ -112.095620001682832, 33.335083998289115 ], [ -112.095657001481243, 33.334856999075846 ], [ -112.095672000150145, 33.334802997984326 ], [ -112.095704000966904, 33.33473599848223 ], [ -112.095869001578947, 33.334507999475896 ], [ -112.096169999873709, 33.334189998184108 ], [ -112.09625300121256, 33.334110998713228 ], [ -112.096360000088509, 33.334025998712548 ], [ -112.096475000784253, 33.333950997897773 ], [ -112.096666000581081, 33.33385099947786 ], [ -112.096918999776094, 33.333701998070431 ], [ -112.097003001186678, 33.333646998546712 ], [ -112.09705700133361, 33.333595999273747 ], [ -112.09766099988407, 33.333272998456543 ], [ -112.097783000096584, 33.333212998012122 ], [ -112.097820000545525, 33.333196998091431 ], [ -112.098007001009492, 33.333125998148603 ], [ -112.098108000723599, 33.333097999322099 ], [ -112.098197000142946, 33.333086999087705 ], [ -112.09828899986384, 33.3330899980688 ], [ -112.098450000847222, 33.333119998027676 ], [ -112.098640000319946, 33.333165997746157 ], [ -112.098806000887365, 33.333212998105147 ], [ -112.099220001085101, 33.333317998546505 ], [ -112.099334000941994, 33.333339997860755 ], [ -112.099432001361308, 33.333345998002926 ], [ -112.099547000908899, 33.333339999140719 ], [ -112.099666001011869, 33.333311998695152 ], [ -112.099748000748392, 33.333283999475654 ], [ -112.099875001195159, 33.333221998618043 ], [ -112.100018999669601, 33.333162997801224 ], [ -112.100334683612317, 33.333064323612128 ], [ -112.100469252648807, 33.332996897947268 ], [ -112.10045971587013, 33.319572889832145 ], [ -112.151709086981455, 33.3194952808485 ] ], [ [ -111.973243900134776, 33.348532026080775 ], [ -111.972765087762511, 33.346478928164132 ], [ -111.9727999945909, 33.346497697856506 ], [ -111.974224097131142, 33.347263347390744 ], [ -111.974317762618668, 33.347310942535842 ], [ -111.974382009575606, 33.347339501619935 ], [ -111.97445326678762, 33.347367777876677 ], [ -111.974535065858504, 33.347395883264696 ], [ -111.974600002969723, 33.347415103736665 ], [ -111.974682865281267, 33.347435977665569 ], [ -111.974737515261182, 33.347447269568107 ], [ -111.974809118894896, 33.347459779844897 ], [ -111.974873397916113, 33.347468306122799 ], [ -111.974948502747637, 33.347475554063408 ], [ -111.9750159783665, 33.347479631500967 ], [ -111.975081212069071, 33.347480991280825 ], [ -111.975162755272123, 33.347479474083009 ], [ -111.97521234620929, 33.347476589567457 ], [ -111.975308870119747, 33.3474677522888 ], [ -111.9753892806593, 33.347456277820612 ], [ -111.975487760386827, 33.347609508608421 ], [ -111.975522033776443, 33.347667335685159 ], [ -111.975552178191279, 33.347721793191553 ], [ -111.975580125186127, 33.347775778331403 ], [ -111.975603309574197, 33.347823619624805 ], [ -111.975620802879931, 33.347861855825514 ], [ -111.97563552988008, 33.34789568484495 ], [ -111.975654449870191, 33.347941673321778 ], [ -111.975667352217059, 33.347974981109786 ], [ -111.975682170758645, 33.34801544761487 ], [ -111.975698187357921, 33.348062414022785 ], [ -111.975708212317812, 33.348093864735901 ], [ -111.975722536584854, 33.348142155664469 ], [ -111.975733754308251, 33.348183391235303 ], [ -111.975744068527703, 33.348224711094318 ], [ -111.975753829498672, 33.348267708408066 ], [ -111.97576177075419, 33.34830639728365 ], [ -111.975769544704903, 33.348348703022864 ], [ -111.975776059051739, 33.348388810976111 ], [ -111.975781971886008, 33.348430727156583 ], [ -111.975787077353786, 33.34847350125321 ], [ -111.975790779314423, 33.34851100458318 ], [ -111.975793904597253, 33.348550503685864 ], [ -111.97579639939876, 33.348593465679521 ], [ -111.975797927433376, 33.348635128759788 ], [ -111.975798560016784, 33.348674504611573 ], [ -111.975800374445399, 33.348713875391795 ], [ -111.975802891186277, 33.348760671471922 ], [ -111.975995372980719, 33.348763061187555 ], [ -111.975994760148836, 33.348724424735408 ], [ -111.975994068803473, 33.348680914543245 ], [ -111.975993343399892, 33.348634710940097 ], [ -111.975991738459101, 33.348590681795102 ], [ -111.975988832830708, 33.34854092827338 ], [ -111.975985338404513, 33.348497471718417 ], [ -111.975981609511962, 33.348459984637998 ], [ -111.975976958480231, 33.348420464627019 ], [ -111.975970235286539, 33.348371963607441 ], [ -111.975963441046929, 33.348329591587913 ], [ -111.975955236396956, 33.348284451971473 ], [ -111.975946237287744, 33.348240181988089 ], [ -111.97593659337042, 33.348197236932997 ], [ -111.975926015794244, 33.348154270681221 ], [ -111.975914229901051, 33.348110268030695 ], [ -111.975899967401631, 33.348061317038109 ], [ -111.97588795655399, 33.348023025964174 ], [ -111.975871697207552, 33.347974710728273 ], [ -111.975856085902578, 33.347931397904368 ], [ -111.975840096460544, 33.347889725480719 ], [ -111.97582282365633, 33.347847243022869 ], [ -111.975804488192736, 33.347804614990274 ], [ -111.97578604342381, 33.34776396897972 ], [ -111.975766650005809, 33.347723359486281 ], [ -111.975746282129592, 33.347682749551367 ], [ -111.97572183523225, 33.347636417455831 ], [ -111.975692516127268, 33.347583925339784 ], [ -111.975593644813088, 33.347422455013394 ], [ -111.976105426107466, 33.347337507466932 ], [ -111.976136591730409, 33.347332333825726 ], [ -111.976156162927765, 33.347329325342628 ], [ -111.976188275431994, 33.347324665213343 ], [ -111.97622043322167, 33.347320246714091 ], [ -111.976252640595249, 33.347316070744512 ], [ -111.97628489110356, 33.347312132799026 ], [ -111.976301030388854, 33.347310259398377 ], [ -111.976333340233339, 33.347306686607098 ], [ -111.976349506498138, 33.34730499172705 ], [ -111.976365685698042, 33.347303359958865 ], [ -111.976381871384319, 33.347301787698747 ], [ -111.976430479185439, 33.347297436076587 ], [ -111.976446695118085, 33.347296106355216 ], [ -111.976479148595487, 33.347293630845954 ], [ -111.976511629097971, 33.347291399680422 ], [ -111.976560391527087, 33.347288512320681 ], [ -111.976592921865645, 33.347286891571983 ], [ -111.976625468488194, 33.347285517877246 ], [ -111.976641747233472, 33.347284922097437 ], [ -111.976671192403458, 33.347284003451961 ], [ -111.976700642004658, 33.347283280469874 ], [ -111.976746409507925, 33.347282661400421 ], [ -111.976779022624001, 33.347282684392326 ], [ -111.976827937841321, 33.347283268462554 ], [ -111.976844239789585, 33.34728360682341 ], [ -111.976876837393405, 33.347284506265687 ], [ -111.976909421231397, 33.347285696960569 ], [ -111.97694199022952, 33.347287178908587 ], [ -111.976974532567894, 33.347288949410284 ], [ -111.976990798443666, 33.347289947825956 ], [ -111.977007054696969, 33.347291013872933 ], [ -111.97703954802067, 33.347293370497219 ], [ -111.977072009311186, 33.347296012071055 ], [ -111.977104435352516, 33.34729894851489 ], [ -111.9771206360939, 33.347300525847331 ], [ -111.977153002271336, 33.347303894229853 ], [ -111.977169167709974, 33.347305688886856 ], [ -111.977201466504752, 33.347309491015288 ], [ -111.977217595566572, 33.347311502997393 ], [ -111.977249818382433, 33.347315736170835 ], [ -111.977265908917133, 33.347317962774035 ], [ -111.977298043938958, 33.347322630605184 ], [ -111.977330120072878, 33.347327587006113 ], [ -111.97734613242902, 33.347330170716866 ], [ -111.977362130870958, 33.347332829274862 ], [ -111.97739407418409, 33.347338356510782 ], [ -111.977425944640004, 33.347344167814825 ], [ -111.977441852011836, 33.347347183486868 ], [ -111.977473607810211, 33.347353420445046 ], [ -111.977489453018066, 33.347356648044808 ], [ -111.977521085566337, 33.347363313366593 ], [ -111.977536871833692, 33.347366752892583 ], [ -111.977568373606744, 33.347373839368032 ], [ -111.977584088040629, 33.347377489924902 ], [ -111.977599678861225, 33.347381054877388 ], [ -111.977615246096775, 33.347384691976792 ], [ -111.977630790820427, 33.347388399419216 ], [ -111.977646308736524, 33.347392179911893 ], [ -111.977677270586341, 33.347399951027711 ], [ -111.977708127352685, 33.34740801073675 ], [ -111.977738880104553, 33.347416350923119 ], [ -111.977754211432554, 33.347420627438169 ], [ -111.977784794737431, 33.347429394208447 ], [ -111.977815262211465, 33.347438443265503 ], [ -111.97784560955229, 33.347447767397824 ], [ -111.977875829245122, 33.347457374724634 ], [ -111.977890892430239, 33.347462281654821 ], [ -111.977905924509571, 33.347467259834126 ], [ -111.977935888897647, 33.34747742002444 ], [ -111.977965719187665, 33.347487857100688 ], [ -111.977995408931022, 33.34749856745929 ], [ -111.978010201770118, 33.347504026359019 ], [ -111.978024958128529, 33.347509552002016 ], [ -111.978054360330916, 33.347520806223635 ], [ -111.978069006176824, 33.347526537507406 ], [ -111.978083615539646, 33.347532331927638 ], [ -111.978098185200636, 33.347538195797981 ], [ -111.978127210782858, 33.34755012286913 ], [ -111.978141663481608, 33.347556186973307 ], [ -111.978156076477987, 33.347562319625936 ], [ -111.978184782280493, 33.347574777952957 ], [ -111.97821332067366, 33.347587503264435 ], [ -111.978241692727593, 33.34760048924786 ], [ -111.978255814900834, 33.34760708100675 ], [ -111.978269894144887, 33.347613735905512 ], [ -111.978283928313587, 33.347620457552033 ], [ -111.978311867864932, 33.34763409206812 ], [ -111.978339624960469, 33.347647985461165 ], [ -111.978367198519621, 33.347662128714674 ], [ -111.978380914999065, 33.347669298661131 ], [ -111.978408207350157, 33.347683824373007 ], [ -111.978421779998655, 33.347691180140046 ], [ -111.978448783617424, 33.347706082904061 ], [ -111.978462212436398, 33.347713626295238 ], [ -111.978475591877583, 33.347721229222834 ], [ -111.978488918721638, 33.347728897098762 ], [ -111.978435217708736, 33.347805657192787 ], [ -111.978445771731216, 33.34881001349418 ], [ -111.976472573361363, 33.34883056742359 ], [ -111.97647016663322, 33.348769202272827 ], [ -111.976099139635281, 33.348765139620944 ], [ -111.976098993781449, 33.349187738089249 ], [ -111.974823281715416, 33.349202125705773 ], [ -111.973235391888025, 33.349360989567614 ], [ -111.973243900134776, 33.348532026080775 ] ] ] } },
{ "type": "Feature", "properties": { "OBJECTID": 1606, "DISTRICT": "8", "REP_NAME": "Councilmember Kesha Hodge Washington", "REP_URL": "https://phoenix.gov/district8", "EMAIL": "https://www.phoenix.gov/district8/contact-district-8", "IMAGE_URL": "https://www.phoenix.gov/content/dam/phoenix/mayorcouncilsite/mediaassets/Headshot_D8_Councilwoman_Hodge_Washington_high_res.jpg", "C_TRACT": 8 }, "geometry": { "type": "Polygon", "coordinates": [ [ [ -112.151709086981455, 33.3194952808485 ], [ -112.10045971587013, 33.319572889832145 ], [ -112.100469252648807, 33.332996897947268 ], [ -112.100334683612317, 33.333064323612128 ], [ -112.100018999669601, 33.333162997801224 ], [ -112.099875001195159, 33.333221998618043 ], [ -112.099748000748392, 33.333283999475654 ], [ -112.099666001011869, 33.333311998695152 ], [ -112.099547000908899, 33.333339999140719 ], [ -112.099432001361308, 33.333345998002926 ], [ -112.099334000941994, 33.333339997860755 ], [ -112.099220001085101, 33.333317998546505 ], [ -112.098806000887365, 33.333212998105147 ], [ -112.098640000319946, 33.333165997746157 ], [ -112.098450000847222, 33.333119998027676 ], [ -112.09828899986384, 33.3330899980688 ], [ -112.098197000142946, 33.333086999087705 ], [ -112.098108000723599, 33.333097999322099 ], [ -112.098007001009492, 33.333125998148603 ], [ -112.097820000545525, 33.333196998091431 ], [ -112.097783000096584, 33.333212998012122 ], [ -112.09766099988407, 33.333272998456543 ], [ -112.09705700133361, 33.333595999273747 ], [ -112.097003001186678, 33.333646998546712 ], [ -112.096918999776094, 33.333701998070431 ], [ -112.096666000581081, 33.33385099947786 ], [ -112.096475000784253, 33.333950997897773 ], [ -112.096360000088509, 33.334025998712548 ], [ -112.09625300121256, 33.334110998713228 ], [ -112.096169999873709, 33.334189998184108 ], [ -112.095869001578947, 33.334507999475896 ], [ -112.095704000966904, 33.33473599848223 ], [ -112.095672000150145, 33.334802997984326 ], [ -112.095657001481243, 33.334856999075846 ], [ -112.095620001682832, 33.335083998289115 ], [ -112.095602001581369, 33.335188998487631 ], [ -112.095562999749092, 33.335306998324747 ], [ -112.095511000321508, 33.335416998797299 ], [ -112.095459001253204, 33.335501999148207 ], [ -112.095397001292966, 33.335582998522746 ], [ -112.095099001291743, 33.335889998043413 ], [ -112.094960000847152, 33.336046997168104 ], [ -112.09483400079246, 33.336210999154623 ], [ -112.094750000387307, 33.336336998365766 ], [ -112.094702999827192, 33.336438999402887 ], [ -112.094668001560507, 33.336561998628945 ], [ -112.094656000894318, 33.336656998148207 ], [ -112.094658001117551, 33.336797999414451 ], [ -112.094669001054569, 33.336895999343476 ], [ -112.094750001429446, 33.337358999447865 ], [ -112.094753000014251, 33.33743199901955 ], [ -112.094740000999209, 33.337510998104079 ], [ -112.09471200137834, 33.337594998870351 ], [ -112.094503000354862, 33.338036998691059 ], [ -112.094433001347454, 33.338140998269274 ], [ -112.094362999871691, 33.338218999522816 ], [ -112.094095999700556, 33.338480998909439 ], [ -112.093888000588151, 33.33870099815902 ], [ -112.093828000212469, 33.338757998289076 ], [ -112.093764000048793, 33.338798999529821 ], [ -112.093713999998243, 33.338821997852754 ], [ -112.093647000827943, 33.338841997826023 ], [ -112.0934299997121, 33.338866998545647 ], [ -112.093038000559872, 33.338900998668166 ], [ -112.092668001091539, 33.33894499797546 ], [ -112.092403000669293, 33.338982999128461 ], [ -112.091918999815533, 33.339082998042457 ], [ -112.090822001508073, 33.339330998191798 ], [ -112.089868000826769, 33.339525998342594 ], [ -112.089758999947307, 33.33955699801291 ], [ -112.08965400048244, 33.339601999275409 ], [ -112.089595000687524, 33.339636999497742 ], [ -112.08953500074891, 33.33968399932089 ], [ -112.089490001477628, 33.339728998975438 ], [ -112.089442000756705, 33.339809998400654 ], [ -112.089362000964385, 33.340074997828125 ], [ -112.089334001044691, 33.340144998214527 ], [ -112.089282999997778, 33.34023499906899 ], [ -112.08917500022153, 33.340381999016195 ], [ -112.08906799952608, 33.340502999199039 ], [ -112.088959001408526, 33.34060599929564 ], [ -112.088884000805763, 33.340659997988482 ], [ -112.088560999645267, 33.34085899793277 ], [ -112.087772001557951, 33.341229998420296 ], [ -112.087628002647762, 33.341312998604032 ], [ -112.087511001309139, 33.341399998468759 ], [ -112.087446001110337, 33.34145899787724 ], [ -112.087386000590172, 33.341523999414768 ], [ -112.087260001354522, 33.341680999001476 ], [ -112.087165999774356, 33.341829997792537 ], [ -112.087118000200277, 33.34192099903224 ], [ -112.08706899980082, 33.342035998993147 ], [ -112.087016000221212, 33.3422009991585 ], [ -112.08692300005626, 33.342423997503651 ], [ -112.086843001323984, 33.342581998505807 ], [ -112.086656000357166, 33.342909999471054 ], [ -112.086559999981247, 33.343096998819853 ], [ -112.086403000189065, 33.343459998111044 ], [ -112.086296000655608, 33.343738998101912 ], [ -112.086097000551632, 33.344312998094274 ], [ -112.086049000583458, 33.344464998150499 ], [ -112.085944000307677, 33.344813997958646 ], [ -112.085917000065464, 33.344926998081412 ], [ -112.085810000140938, 33.345381998040345 ], [ -112.08570700136535, 33.345696998397138 ], [ -112.085602001918744, 33.34596999947005 ], [ -112.085544999642735, 33.346084997924706 ], [ -112.08548900015245, 33.346172998530278 ], [ -112.085433000180899, 33.346247999079161 ], [ -112.085250000941329, 33.346440999215389 ], [ -112.084933000790087, 33.346734998799597 ], [ -112.084748000893455, 33.346890998105351 ], [ -112.084607001347109, 33.347001998852463 ], [ -112.084521000328394, 33.347084998088739 ], [ -112.084473000749412, 33.347146998173685 ], [ -112.084418000900598, 33.347243997855614 ], [ -112.084389999893659, 33.347314997963245 ], [ -112.084366000246931, 33.347388998077541 ], [ -112.084332000306532, 33.347452998140319 ], [ -112.084283000600635, 33.347512998592876 ], [ -112.084221000871807, 33.347562998509787 ], [ -112.083945000290015, 33.347717998517894 ], [ -112.083739001204634, 33.347844999275921 ], [ -112.08312000093008, 33.348274998233265 ], [ -112.083058001054582, 33.348311998440103 ], [ -112.082976001557526, 33.348342998336896 ], [ -112.082172001575742, 33.348496998833504 ], [ -112.081656676166943, 33.348683949144878 ], [ -112.0659665702632, 33.348854178152038 ], [ -112.0573655552585, 33.3488124316697 ], [ -112.049106367709314, 33.348766453962213 ], [ -112.048774422389997, 33.356005077695428 ], [ -112.040192726175277, 33.356012446051878 ], [ -112.04019738241, 33.363253368657851 ], [ -112.031628580575955, 33.363261684140006 ], [ -112.03164173283254, 33.366687058911815 ], [ -112.028869451155359, 33.366319157063856 ], [ -112.028355847690079, 33.366251663444316 ], [ -112.027763059380277, 33.366914710247443 ], [ -112.02739319014583, 33.367322139865138 ], [ -112.027226720755792, 33.367446368471718 ], [ -112.02685589683702, 33.367639010132031 ], [ -112.026800419880033, 33.367683538164798 ], [ -112.026764286852185, 33.367740374537064 ], [ -112.026751111085588, 33.367803836170204 ], [ -112.026772683371235, 33.368820684310386 ], [ -112.02297291129571, 33.368873562425051 ], [ -112.022966834477458, 33.370633126963632 ], [ -112.01614122306556, 33.370730514185496 ], [ -112.005665112980154, 33.370755026441294 ], [ -111.996943788407307, 33.370752406102802 ], [ -111.996899795119006, 33.374340016111326 ], [ -111.996819402710557, 33.374340046403738 ], [ -111.996790786162776, 33.374401081960819 ], [ -111.992280748723758, 33.374448866803021 ], [ -111.992273052112665, 33.37536747034919 ], [ -111.992252120919716, 33.377289949911955 ], [ -111.992242957227745, 33.37810720871208 ], [ -111.991653948069839, 33.378109051049428 ], [ -111.991159030938462, 33.378111326496537 ], [ -111.990682370673071, 33.37811336636274 ], [ -111.989666370815272, 33.378117657823353 ], [ -111.988920335672233, 33.378120803058522 ], [ -111.988488570878076, 33.378123264626183 ], [ -111.988191586387714, 33.378124451433706 ], [ -111.987927212414476, 33.378125507001727 ], [ -111.98704903945972, 33.378129709562302 ], [ -111.986979295814038, 33.37813002140458 ], [ -111.984404501541306, 33.378147105988582 ], [ -111.98408934190401, 33.378150228874162 ], [ -111.982662448479388, 33.37815889740633 ], [ -111.982423090949126, 33.378160349048443 ], [ -111.978368906393328, 33.37818129340512 ], [ -111.978330728544961, 33.378181454847031 ], [ -111.978237851539802, 33.378181847208033 ], [ -111.978200014392058, 33.378182007539053 ], [ -111.978200126481994, 33.378220606172277 ], [ -111.978199560176975, 33.37839319865742 ], [ -111.978235006658139, 33.378422883477171 ], [ -111.97823490495891, 33.378450911444183 ], [ -111.978234880660438, 33.378457610275277 ], [ -111.978234841090497, 33.378468566096622 ], [ -111.978234795153568, 33.378481163037101 ], [ -111.978234742030963, 33.378495764487042 ], [ -111.978234691688485, 33.378509735638843 ], [ -111.97823461789352, 33.378530081004833 ], [ -111.978234547671988, 33.37854939661382 ], [ -111.978234489928369, 33.378565066594682 ], [ -111.978234409968408, 33.378587339823945 ], [ -111.978234333299113, 33.378608182034455 ], [ -111.978234257839247, 33.378629215407265 ], [ -111.978234187644304, 33.378648568887826 ], [ -111.978234158779429, 33.378656413796953 ], [ -111.97823411097491, 33.378669411098116 ], [ -111.97823403182079, 33.378691302902453 ], [ -111.97823395525937, 33.37871229840357 ], [ -111.97823386989954, 33.378736060361561 ], [ -111.978233790557255, 33.378757685258947 ], [ -111.978233711389649, 33.378779558126986 ], [ -111.97823362766843, 33.378802595107402 ], [ -111.978233557581262, 33.37882210187842 ], [ -111.978233471898506, 33.378845405766448 ], [ -111.978233387331144, 33.378868767363372 ], [ -111.978233322494845, 33.37888657440444 ], [ -111.978233245167829, 33.378908009039058 ], [ -111.978233130794649, 33.37893940580625 ], [ -111.978233049786681, 33.378961717808288 ], [ -111.97823290220505, 33.379002422062932 ], [ -111.978232769048873, 33.379039193944173 ], [ -111.978232640361725, 33.379074681785077 ], [ -111.978232532254864, 33.379104294961991 ], [ -111.978232426931342, 33.379133282349315 ], [ -111.978232288333885, 33.379171484347637 ], [ -111.978232158740653, 33.379207212043632 ], [ -111.978232019131141, 33.379245503311481 ], [ -111.978231885994703, 33.379282304046058 ], [ -111.978231750961513, 33.379319463662675 ], [ -111.978231549358611, 33.379375021842627 ], [ -111.978231325299291, 33.379436843324328 ], [ -111.978231136264341, 33.379488883918746 ], [ -111.978230914819591, 33.379549840656317 ], [ -111.978230683400909, 33.379613421379823 ], [ -111.978230457456021, 33.379675618873968 ], [ -111.978230072315384, 33.37978187048239 ], [ -111.9782297212315, 33.379878493592791 ], [ -111.978229458304824, 33.379950746993266 ], [ -111.978229174161967, 33.380029499040717 ], [ -111.978194629347783, 33.380029617160602 ], [ -111.978194133390886, 33.380164769583708 ], [ -111.978193608694156, 33.380307951761836 ], [ -111.978193147110119, 33.38043392112899 ], [ -111.978192587172785, 33.380586587522714 ], [ -111.978191741436945, 33.380817233183897 ], [ -111.978191515210497, 33.380879072686461 ], [ -111.978191142865015, 33.380980671435431 ], [ -111.97819060623037, 33.38112675350537 ], [ -111.978190093254327, 33.381266750809822 ], [ -111.978189517137139, 33.38142392574926 ], [ -111.978188928340785, 33.381584465878781 ], [ -111.978188513664634, 33.381697694913484 ], [ -111.97818799334469, 33.381839481204437 ], [ -111.978187594788196, 33.381948130433415 ], [ -111.978187092661599, 33.382085229612997 ], [ -111.978186654346132, 33.382204578566402 ], [ -111.978186225316207, 33.382321851773042 ], [ -111.978185687794578, 33.382468218752621 ], [ -111.978185283943546, 33.382578513596641 ], [ -111.978185138719425, 33.382618023058633 ], [ -111.978184738485268, 33.38272735036179 ], [ -111.978184265899159, 33.382856040148638 ], [ -111.978183700672929, 33.383010388177077 ], [ -111.978183299310999, 33.38311964423869 ], [ -111.978182870996463, 33.383236416977802 ], [ -111.978182305716274, 33.383390693761591 ], [ -111.978181919776574, 33.383495906535181 ], [ -111.978181516741543, 33.383605844282819 ], [ -111.978181377013215, 33.383644003873677 ], [ -111.978265139845078, 33.383643624190384 ], [ -111.978264757957291, 33.383745296839294 ], [ -111.978264569698155, 33.383795368059722 ], [ -111.97826446655499, 33.383822863993522 ], [ -111.978264114493967, 33.383916535740468 ], [ -111.978263385934341, 33.38411038148206 ], [ -111.978262948733118, 33.384226597851317 ], [ -111.978262497131112, 33.384346781754878 ], [ -111.978261927013236, 33.384498577004486 ], [ -111.978261573177178, 33.384592786161953 ], [ -111.978261114192918, 33.384714699544112 ], [ -111.978260543227847, 33.384866823007989 ], [ -111.978260004731325, 33.385010118700123 ], [ -111.978259412847535, 33.385167639809794 ], [ -111.978258973909874, 33.385284453994537 ], [ -111.978258768404842, 33.385339037373313 ], [ -111.978257514876674, 33.385346313000291 ], [ -111.97825484293115, 33.385352624500278 ], [ -111.978252104438639, 33.385357545594729 ], [ -111.978249937785108, 33.385360963253028 ], [ -111.978246933019093, 33.385364773571432 ], [ -111.978244853802352, 33.385367196598949 ], [ -111.978242965349494, 33.385368824222645 ], [ -111.978240522276451, 33.385370461138528 ], [ -111.978235639014571, 33.38537325255335 ], [ -111.978233818885826, 33.385374218287055 ], [ -111.978230054934414, 33.385376028986478 ], [ -111.978227144020124, 33.385377272086444 ], [ -111.978223026393863, 33.38537901713616 ], [ -111.978220193595774, 33.385379766059543 ], [ -111.978217759451653, 33.385380347066892 ], [ -111.978212662906571, 33.385380960052622 ], [ -111.978212331988445, 33.38546200871231 ], [ -111.978211963331034, 33.385552042038505 ], [ -111.978211590097303, 33.385643208816447 ], [ -111.978211231644593, 33.3857309463787 ], [ -111.978210743949518, 33.385850353897709 ], [ -111.978210156197264, 33.385994037327073 ], [ -111.978209697769771, 33.386106169822412 ], [ -111.97820902391598, 33.386271056119668 ], [ -111.978208156503968, 33.38648312272862 ], [ -111.978207415694783, 33.386664352558824 ], [ -111.978206430019711, 33.386905376755188 ], [ -111.978205643235057, 33.387097640831136 ], [ -111.978204823529964, 33.387298105977102 ], [ -111.978203701301481, 33.387572649510382 ], [ -111.978202730286725, 33.387810094774331 ], [ -111.978201941822704, 33.388003045024853 ], [ -111.978199998844872, 33.388478142904546 ], [ -111.978189314589827, 33.391090809085718 ], [ -111.978183996192925, 33.392391426713004 ], [ -111.97818444499768, 33.392572270750463 ], [ -111.978184408071868, 33.392580890214887 ], [ -111.978350862676521, 33.392579629057487 ], [ -111.978500501083275, 33.392578752971332 ], [ -111.978500434685486, 33.392589731323902 ], [ -111.978497480804947, 33.393014926927016 ], [ -111.978458340873132, 33.39840161509413 ], [ -111.978439134429706, 33.401301791194165 ], [ -111.978420932160944, 33.404512083661025 ], [ -111.978398589214237, 33.410187375595648 ], [ -111.978393570832722, 33.41509441854722 ], [ -111.978389768472937, 33.41836769170294 ], [ -111.978503122825884, 33.435336203688024 ], [ -111.978816638366723, 33.436749734421042 ], [ -111.979487630784902, 33.439510844938013 ], [ -111.980275000021877, 33.442711999413227 ], [ -111.978413334323449, 33.441753878417053 ], [ -111.978456402634421, 33.457189850083836 ], [ -111.978467112238945, 33.465634175074157 ], [ -111.979086530372555, 33.465635634775026 ], [ -111.979435189496897, 33.46563645420791 ], [ -111.979753734525005, 33.46563720232718 ], [ -111.980135763281226, 33.465638098383863 ], [ -111.980347267752407, 33.465638594057573 ], [ -111.980529061566642, 33.4656390199195 ], [ -111.980779434332206, 33.465639607539423 ], [ -111.980919012891633, 33.465639933826857 ], [ -111.981080986334121, 33.465640311441824 ], [ -111.981206170030077, 33.46564060520987 ], [ -111.982094458089193, 33.465642676058813 ], [ -111.982297736632034, 33.465643150203483 ], [ -111.982280074300363, 33.466726718951634 ], [ -111.98227248461049, 33.467240050382642 ], [ -111.982258484276841, 33.468186908525297 ], [ -111.98225155390017, 33.468640293639574 ], [ -111.982248327931856, 33.469005361669055 ], [ -111.982717436332521, 33.469232648193348 ], [ -111.98271248265003, 33.469562772684668 ], [ -111.982702966748448, 33.470329336188172 ], [ -111.982692870989638, 33.471087672807293 ], [ -111.982679264461737, 33.471995186388959 ], [ -111.982671569765699, 33.472454012501437 ], [ -111.982680602140192, 33.472912241765179 ], [ -111.982670559164518, 33.473817431308007 ], [ -111.982664533552366, 33.4742754565901 ], [ -111.982659130441093, 33.474686088257975 ], [ -111.982652208379804, 33.475139778588726 ], [ -111.982645861314666, 33.475555793837799 ], [ -111.982639575594675, 33.476014495402048 ], [ -111.982633745647448, 33.476440037655323 ], [ -111.982627771095068, 33.476909110314999 ], [ -111.982622546871283, 33.477319097899489 ], [ -111.982617606044769, 33.477772291047572 ], [ -111.982612545674897, 33.478182798766809 ], [ -111.982607378571501, 33.478644220862712 ], [ -111.982601020582337, 33.479054919472212 ], [ -111.982597597191344, 33.479443355389158 ], [ -111.98258877827223, 33.479993323299837 ], [ -111.982585940328846, 33.480170299125362 ], [ -111.982641536182911, 33.480171298380739 ], [ -111.982729427284227, 33.480172879128723 ], [ -111.984363162866629, 33.480202242294659 ], [ -111.984685312823657, 33.480208027041229 ], [ -111.984846827918801, 33.480210926522787 ], [ -111.984996586180102, 33.480213614966971 ], [ -111.985880542635797, 33.480229478571204 ], [ -111.98699755108521, 33.480249506744649 ], [ -111.987513595061742, 33.480263041271733 ], [ -111.987596073306378, 33.480265191535047 ], [ -111.987644439664834, 33.480266464094122 ], [ -111.98790565327613, 33.480273284350289 ], [ -111.988426055517976, 33.480286905447741 ], [ -111.988632117294586, 33.480292295342387 ], [ -111.989100708921171, 33.480304560475659 ], [ -111.989140211860445, 33.480305577040092 ], [ -111.989270669213496, 33.480308992961817 ], [ -111.989731918034408, 33.480321066144683 ], [ -111.99052893745413, 33.480341881901339 ], [ -111.991242302689429, 33.480360508489255 ], [ -111.99136205472216, 33.480363848399335 ], [ -111.993121871304439, 33.480409716785218 ], [ -111.995498490358088, 33.480471624479478 ], [ -112.004028085078232, 33.480481421361013 ], [ -112.012910000109471, 33.480490999266728 ], [ -112.012945858923985, 33.487867405115352 ], [ -112.015103835070832, 33.487828986451682 ], [ -112.017592452402482, 33.487784635705303 ], [ -112.021576717345184, 33.48771352663438 ], [ -112.022652925143746, 33.48769459142963 ], [ -112.023944316102174, 33.487671802616411 ], [ -112.024753121599289, 33.487657523013674 ], [ -112.02523461949032, 33.487649020235466 ], [ -112.025765674695165, 33.487639639704426 ], [ -112.026281797883883, 33.487630519875815 ], [ -112.026964257223071, 33.487618459221508 ], [ -112.027702965965545, 33.487605400349103 ], [ -112.028233807539422, 33.487596012138759 ], [ -112.028752153421053, 33.487586866496031 ], [ -112.029086967103154, 33.487580959189643 ], [ -112.029758605673223, 33.487569207655248 ], [ -112.030195800622764, 33.487561295894899 ], [ -112.030192071867162, 33.480299163227727 ], [ -112.021554000509013, 33.48039799892625 ], [ -112.021569000216203, 33.473072998890437 ], [ -112.01290900009154, 33.473111999433208 ], [ -112.012917999671359, 33.465731999286319 ], [ -112.041521629021076, 33.46576626934344 ], [ -112.061248308766849, 33.465729332035679 ], [ -112.063606946144745, 33.465722730180602 ], [ -112.064767181882416, 33.465719466783305 ], [ -112.065610464577148, 33.465719534013616 ], [ -112.066574722288649, 33.465721644013186 ], [ -112.06773397379898, 33.465724169993983 ], [ -112.068688960936072, 33.465726244187273 ], [ -112.069427750339102, 33.465727842737529 ], [ -112.069427881603147, 33.465633400497254 ], [ -112.069435847086595, 33.459892098949418 ], [ -112.069442542881148, 33.45976830092799 ], [ -112.069455426936827, 33.459530066943465 ], [ -112.069473930446208, 33.459324781326721 ], [ -112.069514377410187, 33.45914957458524 ], [ -112.069571285145528, 33.45899190721817 ], [ -112.069626077812202, 33.458877171433116 ], [ -112.069688367910615, 33.458760936761422 ], [ -112.069794036958996, 33.458570753325027 ], [ -112.069864514258342, 33.458420294367009 ], [ -112.069913290243761, 33.458277864773081 ], [ -112.069941640179181, 33.458158962303791 ], [ -112.069962982274234, 33.457998315298831 ], [ -112.069966927793317, 33.457624635345631 ], [ -112.069967908510193, 33.456581585053186 ], [ -112.069968853085015, 33.455575443005351 ], [ -112.069971760380056, 33.452433068978742 ], [ -112.070021762948983, 33.452432746554393 ], [ -112.070023336767207, 33.451376744433908 ], [ -112.069974248151027, 33.451376513887332 ], [ -112.069960364205585, 33.449334831256721 ], [ -112.069952338517552, 33.447982680432446 ], [ -112.069929415951975, 33.444099023218484 ], [ -112.082374393440375, 33.444123759567432 ], [ -112.100073128097847, 33.444003868547931 ], [ -112.100036493292635, 33.44037169814937 ], [ -112.100018239506227, 33.438556036302238 ], [ -112.099979730322573, 33.435546801005486 ], [ -112.099919725588464, 33.432006580611542 ], [ -112.099880426261294, 33.429688030664359 ], [ -112.099819380073995, 33.426173901894799 ], [ -112.099670303006803, 33.418380177759666 ], [ -112.099540639898265, 33.418366638710111 ], [ -112.098664985406145, 33.418352957243087 ], [ -112.083126159230801, 33.418089542388614 ], [ -112.081550926801739, 33.418009295119695 ], [ -112.080928253914749, 33.418017061577039 ], [ -112.080931525656595, 33.418087160304218 ], [ -112.080565734229111, 33.41808943850652 ], [ -112.080610751207374, 33.418230286667111 ], [ -112.076815143408666, 33.420133122547334 ], [ -112.0763084728042, 33.420263731110815 ], [ -112.076024121212555, 33.420438737998019 ], [ -112.073917269760912, 33.420468536319959 ], [ -112.072422149444535, 33.420347509354499 ], [ -112.07057682540831, 33.420096000645628 ], [ -112.067390696749385, 33.419689722576614 ], [ -112.066634037380013, 33.419935356939796 ], [ -112.065203964253328, 33.419737595998662 ], [ -112.064839194277937, 33.419740418136016 ], [ -112.064832657945047, 33.419552561998593 ], [ -112.064773290965874, 33.417846380261992 ], [ -112.06473933967392, 33.41639744323102 ], [ -112.064652045469671, 33.414297276388382 ], [ -112.064633294387463, 33.413446124416936 ], [ -112.064620756560828, 33.412149416575346 ], [ -112.064611982143305, 33.411242018394127 ], [ -112.064585694753049, 33.408523078166617 ], [ -112.064568124610204, 33.406705962338272 ], [ -112.064585055650909, 33.404394900096378 ], [ -112.064601450957966, 33.402167755052815 ], [ -112.06462693600605, 33.377742017115466 ], [ -112.099151526098126, 33.377769704653751 ], [ -112.099161928531942, 33.386673308341685 ], [ -112.099156728357087, 33.38901872808308 ], [ -112.099151954067111, 33.391138406267601 ], [ -112.099149515381797, 33.392269772736988 ], [ -112.099167828960532, 33.393236154475474 ], [ -112.099189188608619, 33.394355903121529 ], [ -112.099203684125854, 33.395119334602519 ], [ -112.099218350690791, 33.395887316655674 ], [ -112.099287300534897, 33.399508230632215 ], [ -112.099425485971068, 33.40673967844404 ], [ -112.110819898901468, 33.406728987771089 ], [ -112.115300104540154, 33.406724363441342 ], [ -112.125031121427, 33.406683732063392 ], [ -112.125021738564797, 33.406773674939522 ], [ -112.127187906376349, 33.406767460384586 ], [ -112.129351858332868, 33.406757877303001 ], [ -112.129351846386413, 33.406754298453528 ], [ -112.130150912059932, 33.406749887426493 ], [ -112.130329096551264, 33.406748900832802 ], [ -112.131273508576001, 33.406743674047455 ], [ -112.132215004765243, 33.406738455959811 ], [ -112.132217593163674, 33.40675741343096 ], [ -112.132374232353001, 33.406756463130996 ], [ -112.132372986175838, 33.406650273227989 ], [ -112.133670444236984, 33.406647342674688 ], [ -112.13367824741249, 33.406075698136853 ], [ -112.133685214892395, 33.405564484623753 ], [ -112.133691817950918, 33.405073634027083 ], [ -112.133693334108997, 33.404970402286033 ], [ -112.133694644536632, 33.404874366516026 ], [ -112.133695170875129, 33.404802838678435 ], [ -112.133694160657157, 33.404737264786469 ], [ -112.133693663420786, 33.404705049507982 ], [ -112.133691538825815, 33.404569625112273 ], [ -112.133682105825415, 33.403957694351966 ], [ -112.133676049519764, 33.40356230414303 ], [ -112.133671725715516, 33.403284305800661 ], [ -112.133669098360954, 33.403111375786374 ], [ -112.133663564804436, 33.402752363944359 ], [ -112.133657862149505, 33.402382392137689 ], [ -112.133655980532311, 33.402057487218826 ], [ -112.133653653893063, 33.40164176860921 ], [ -112.133586079682331, 33.392122279737592 ], [ -112.142371254902059, 33.392279307474631 ], [ -112.142377000960849, 33.391853210463154 ], [ -112.142386368199809, 33.391156288866689 ], [ -112.142382868175446, 33.391100117943488 ], [ -112.1424348041092, 33.391102134372531 ], [ -112.14246743751383, 33.391102451015129 ], [ -112.14248375734654, 33.391102572808364 ], [ -112.142516390362005, 33.391102738853604 ], [ -112.142581662058902, 33.391102767934314 ], [ -112.14264693379458, 33.391102396622401 ], [ -112.142712196966471, 33.391101624031847 ], [ -112.142777452639223, 33.391100446553921 ], [ -112.142842697598851, 33.391098868702997 ], [ -112.142907928622037, 33.391096891386702 ], [ -112.142956836424375, 33.391095144881128 ], [ -112.143005735034009, 33.391093170240993 ], [ -112.143054619092325, 33.391090973788089 ], [ -112.143103486430448, 33.391088548312695 ], [ -112.143152337057288, 33.391085897421632 ], [ -112.143217444874253, 33.391082013055843 ], [ -112.143282515096715, 33.391077727464662 ], [ -112.143347548801046, 33.391073041547891 ], [ -112.143412538464275, 33.391067956221036 ], [ -112.143477481930958, 33.391062469684684 ], [ -112.143558589391091, 33.391055051862857 ], [ -112.143639612439571, 33.391047007455605 ], [ -112.143736719706268, 33.391036535025819 ], [ -112.143833683800992, 33.391025165583073 ], [ -112.143913763648612, 33.391015713354342 ], [ -112.143977723001811, 33.391007562008824 ], [ -112.144025629541304, 33.3910011063954 ], [ -112.144074432506216, 33.390994217202952 ], [ -112.144121264012853, 33.390987312668635 ], [ -112.144184884602083, 33.390977463921814 ], [ -112.144248386657182, 33.390967095976144 ], [ -112.14431176265262, 33.390956208845637 ], [ -112.14435921125181, 33.390947703460334 ], [ -112.144422359120512, 33.390935909574019 ], [ -112.144485366959714, 33.390923599234178 ], [ -112.144528814945033, 33.390914790940414 ], [ -112.144610934611634, 33.390897434656289 ], [ -112.14464222919915, 33.390890571986553 ], [ -112.144689096279095, 33.390880039602926 ], [ -112.144704698040442, 33.390876462717067 ], [ -112.144757247693235, 33.390864905445142 ], [ -112.14475876799608, 33.390922663336973 ], [ -112.144792732943557, 33.390922481883592 ], [ -112.14648033003715, 33.39091351446914 ], [ -112.14648872123874, 33.391884969755729 ], [ -112.146482628493132, 33.392214187205063 ], [ -112.150633049597388, 33.392195007417449 ], [ -112.150714920704559, 33.392263398126516 ], [ -112.150711371907661, 33.394012722116727 ], [ -112.15102171265076, 33.394012136449 ], [ -112.151071174927765, 33.393961315701077 ], [ -112.151075350042987, 33.392220944474268 ], [ -112.151107909016901, 33.392193371883131 ], [ -112.151131619831602, 33.392193304546758 ], [ -112.151078881612321, 33.385641052743345 ], [ -112.151024372124667, 33.37886311303631 ], [ -112.151012125412763, 33.377340108513863 ], [ -112.151052147655321, 33.377606325777663 ], [ -112.151625125184978, 33.377604257885949 ], [ -112.162339897518223, 33.377552311488948 ], [ -112.168140605692372, 33.377522309665025 ], [ -112.168148122885725, 33.380132163343568 ], [ -112.168171111420776, 33.388076727882158 ], [ -112.168182540452008, 33.391988608787699 ], [ -112.173703358670124, 33.39197008808295 ], [ -112.174681712907997, 33.391966780205038 ], [ -112.175769571693721, 33.391963093571391 ], [ -112.177651203670706, 33.391956718062445 ], [ -112.178045671737706, 33.391955385640223 ], [ -112.178400042974872, 33.39195418793134 ], [ -112.178737636763472, 33.391953039067936 ], [ -112.179116184051693, 33.391951748584155 ], [ -112.179262085592484, 33.391951250594808 ], [ -112.179475955626785, 33.391950520151902 ], [ -112.179584314378104, 33.391950149972637 ], [ -112.179915652055158, 33.391949018371925 ], [ -112.180263195262683, 33.39194782982635 ], [ -112.180511481095039, 33.391946980311658 ], [ -112.180713693549109, 33.391946287848135 ], [ -112.181101626966608, 33.391944958713957 ], [ -112.181520839601987, 33.391943535467803 ], [ -112.181891421609464, 33.39194227786367 ], [ -112.182342492782709, 33.391940744979358 ], [ -112.182797829224086, 33.391939195898907 ], [ -112.183237519055567, 33.391937698594624 ], [ -112.183676075893089, 33.391936203973579 ], [ -112.184120315822867, 33.391934688341848 ], [ -112.184581910358858, 33.391933112015209 ], [ -112.184727810733676, 33.391932613012919 ], [ -112.18489504080172, 33.391932040689589 ], [ -112.184986336160918, 33.391931728821341 ], [ -112.185061990312761, 33.391931469649357 ], [ -112.185148736595025, 33.391931172909899 ], [ -112.185196514771775, 33.391931010026767 ], [ -112.185247140416195, 33.391930836454378 ], [ -112.185335191652214, 33.391930534957062 ], [ -112.185327279779415, 33.391845513056971 ], [ -112.18546502515153, 33.391844533100105 ], [ -112.185463569948055, 33.391758705524943 ], [ -112.18545686197821, 33.39137545965297 ], [ -112.185448790852959, 33.390917050453339 ], [ -112.185441437773093, 33.39050156901321 ], [ -112.185415926281962, 33.38905246438086 ], [ -112.185389658686731, 33.387558159368943 ], [ -112.185363489044803, 33.386073681484397 ], [ -112.18533915904986, 33.384689341981613 ], [ -112.185312181154657, 33.383156664362481 ], [ -112.185283744058168, 33.381543343466106 ], [ -112.185243685080977, 33.379267342273977 ], [ -112.185213699629287, 33.377561183790412 ], [ -112.185211674801963, 33.377448588225967 ], [ -112.185032000350219, 33.377456999304009 ], [ -112.185037638283475, 33.376217839341393 ], [ -112.184787999736287, 33.375302999244532 ], [ -112.18440384056737, 33.374459656658075 ], [ -112.184181009132033, 33.374024262658395 ], [ -112.183754000060034, 33.37309999883292 ], [ -112.183636000159808, 33.372094999241433 ], [ -112.183774000264023, 33.371561999559233 ], [ -112.184192912499597, 33.3708740535385 ], [ -112.184721000134232, 33.370319998755441 ], [ -112.185321000175236, 33.369798998765233 ], [ -112.186002000405324, 33.368856999452561 ], [ -112.186232284035952, 33.367680631298072 ], [ -112.186236807254573, 33.36626904680169 ], [ -112.186241893708996, 33.364681524458319 ], [ -112.186246795466488, 33.363164082151954 ], [ -112.186253115755591, 33.361791291537664 ], [ -112.186262486925102, 33.359890283432186 ], [ -112.186277925754197, 33.356749668125239 ], [ -112.186290424523619, 33.354118567209419 ], [ -112.18630346354901, 33.351271383997606 ], [ -112.18631396626607, 33.348993870058244 ], [ -112.186316695160983, 33.348391236957283 ], [ -112.186342960916335, 33.348391213285417 ], [ -112.186321353999929, 33.347406377982992 ], [ -112.186283736499746, 33.345691671252553 ], [ -112.186276000360834, 33.345338999201815 ], [ -112.189985900269264, 33.345313335291628 ], [ -112.189440897850801, 33.344782503894947 ], [ -112.188510779558911, 33.343876549692624 ], [ -112.186332716332814, 33.341754967550628 ], [ -112.185482408164745, 33.340932894325036 ], [ -112.184627460459694, 33.340118688078647 ], [ -112.178123698699792, 33.333864285300692 ], [ -112.177793687518545, 33.333859304117944 ], [ -112.177791481465448, 33.333558795983151 ], [ -112.174395332185995, 33.330271782031119 ], [ -112.173460467058518, 33.330272722677982 ], [ -112.173456860671777, 33.329363407517995 ], [ -112.170632739020178, 33.326629700835753 ], [ -112.169323654583721, 33.325370293675292 ], [ -112.169331316571444, 33.326620932604662 ], [ -112.16933221301133, 33.328485691574805 ], [ -112.169333553638566, 33.330056919849177 ], [ -112.169261637412205, 33.330057947987235 ], [ -112.169261666518992, 33.330276862885064 ], [ -112.169284585098254, 33.330276841526647 ], [ -112.169285179993679, 33.331190902333567 ], [ -112.169334291471756, 33.331190760967445 ], [ -112.169336078409458, 33.333932658531573 ], [ -112.1690249031181, 33.333934126117576 ], [ -112.1690293712211, 33.341068631121196 ], [ -112.164416408885089, 33.341098782538616 ], [ -112.155793635399505, 33.341151358355582 ], [ -112.155794403241643, 33.341332860296589 ], [ -112.155791822497079, 33.348336273541996 ], [ -112.15578919396043, 33.348428037873589 ], [ -112.154843060931427, 33.348436720827522 ], [ -112.15484331161484, 33.348527603152462 ], [ -112.154851410317946, 33.35171081500787 ], [ -112.154911400309885, 33.351697678289469 ], [ -112.154944349508497, 33.351691911734889 ], [ -112.154977520526117, 33.351687113185747 ], [ -112.155010871478055, 33.351683289034185 ], [ -112.155044359397877, 33.351680442969439 ], [ -112.155145248605081, 33.351677809222842 ], [ -112.156026050110256, 33.351694341797064 ], [ -112.156028998170683, 33.351990283737514 ], [ -112.156029268785574, 33.352069927015847 ], [ -112.154757396134414, 33.352077253103154 ], [ -112.15443476015821, 33.352300763017887 ], [ -112.154329323819624, 33.352368094683328 ], [ -112.154256330672467, 33.352407077453208 ], [ -112.154177772872316, 33.352446055494433 ], [ -112.154124093104244, 33.352470099536077 ], [ -112.154013905424677, 33.352513399449059 ], [ -112.153957526319118, 33.352532606379341 ], [ -112.153842546427157, 33.352566001865213 ], [ -112.153784084154594, 33.352580154987507 ], [ -112.153725071376215, 33.352592586861441 ], [ -112.153635668203506, 33.35260797481093 ], [ -112.153575588454189, 33.352616043457502 ], [ -112.153515209509123, 33.35262234528826 ], [ -112.153454602278046, 33.35262687746242 ], [ -112.153302589808803, 33.352630421517347 ], [ -112.153272177891708, 33.352629792362244 ], [ -112.153181072463781, 33.352625239140465 ], [ -112.153120551561429, 33.352619981089369 ], [ -112.152772291631038, 33.352584562601784 ], [ -112.152670716609748, 33.352578736756612 ], [ -112.15263676514094, 33.352578781440471 ], [ -112.152568970174542, 33.352581854343526 ], [ -112.152518382114124, 33.352586760173637 ], [ -112.152468170695329, 33.35259387716993 ], [ -112.152434972265326, 33.35259984642655 ], [ -112.152402041826832, 33.352606782703567 ], [ -112.152369422342076, 33.352614680509397 ], [ -112.152337148163227, 33.352623528958553 ], [ -112.152305264384481, 33.352633316243448 ], [ -112.152273804283666, 33.352644031480679 ], [ -112.152242808652488, 33.352655661067494 ], [ -112.152212317208281, 33.35266819140319 ], [ -112.152182364293765, 33.352681607995613 ], [ -112.152138529301553, 33.352703353878859 ], [ -112.152096106935602, 33.352726999682822 ], [ -112.152042676339903, 33.352760865614322 ], [ -112.151963870237509, 33.35281506815042 ], [ -112.15190344022642, 33.352862399940427 ], [ -112.151907100570597, 33.354367027166973 ], [ -112.151910950634957, 33.355722788140596 ], [ -112.151802875396839, 33.355723259750292 ], [ -112.151059451402929, 33.355726302813459 ], [ -112.149204175239205, 33.355733886652565 ], [ -112.147634298448807, 33.355740287349924 ], [ -112.14539727185398, 33.355749375924134 ], [ -112.14472030374337, 33.355752118836108 ], [ -112.143357580226564, 33.355757625861365 ], [ -112.143357004454913, 33.354519559822023 ], [ -112.14475610840725, 33.35451353517179 ], [ -112.144753136576043, 33.353274771806994 ], [ -112.143356431378521, 33.353281242854656 ], [ -112.143355904951392, 33.352140883180063 ], [ -112.143355899977266, 33.352133989590982 ], [ -112.143355470938005, 33.351227662941405 ], [ -112.143354224525069, 33.348510141999235 ], [ -112.143735835354946, 33.34850703994816 ], [ -112.144395699892982, 33.348503465550891 ], [ -112.145496274365541, 33.34849749294461 ], [ -112.146603362625882, 33.348491473276262 ], [ -112.146703929447767, 33.348490924540322 ], [ -112.147634643089106, 33.348485857973778 ], [ -112.148055452061399, 33.348483565141251 ], [ -112.148041211448913, 33.344849062168272 ], [ -112.147499578557387, 33.344848536257523 ], [ -112.146957944593069, 33.344848011593363 ], [ -112.146416308462662, 33.344847480964084 ], [ -112.14587467555458, 33.344846950671702 ], [ -112.145320146225117, 33.344846480535494 ], [ -112.144701022139714, 33.344845958826724 ], [ -112.143721650681911, 33.344844815451573 ], [ -112.142795690062925, 33.344844608593675 ], [ -112.142206253389901, 33.344843981615305 ], [ -112.141331909430448, 33.344843051517621 ], [ -112.139981792235261, 33.344838019470878 ], [ -112.139678782723053, 33.344839244751832 ], [ -112.139390517861912, 33.344838434733362 ], [ -112.139391785716185, 33.345268495235949 ], [ -112.137985988435148, 33.346646559229725 ], [ -112.135153278548088, 33.348530610417427 ], [ -112.134990919972068, 33.348531354931851 ], [ -112.134966894261723, 33.34298081193613 ], [ -112.130754286088631, 33.343029876441122 ], [ -112.129139343011559, 33.343043660623152 ], [ -112.129140249615617, 33.342131843032369 ], [ -112.129066106296719, 33.342132753443707 ], [ -112.129066561507997, 33.342062706534449 ], [ -112.129540788451081, 33.342052714251018 ], [ -112.129537905917431, 33.341207050139445 ], [ -112.130752756558294, 33.341189900643521 ], [ -112.131826812262332, 33.341174742503021 ], [ -112.132907353995677, 33.341159478119351 ], [ -112.13398791462879, 33.341144201597302 ], [ -112.134958888204764, 33.34113046631699 ], [ -112.135175963021126, 33.34112982580298 ], [ -112.139385537915629, 33.341164940838325 ], [ -112.139374068019677, 33.337596331330971 ], [ -112.140788494709057, 33.337600770909944 ], [ -112.141533209988211, 33.337603102071945 ], [ -112.143693910842273, 33.337609840543728 ], [ -112.143684578552254, 33.335149541071452 ], [ -112.144355907866597, 33.335094453689223 ], [ -112.145153755682244, 33.334613951188302 ], [ -112.145828785124252, 33.334014509349998 ], [ -112.151693569795626, 33.334002514697538 ], [ -112.151693444374217, 33.333921806868716 ], [ -112.153973992718164, 33.333924663792665 ], [ -112.156099852744617, 33.333925050332809 ], [ -112.157571218839948, 33.333926097188431 ], [ -112.160511923753774, 33.333928142590523 ], [ -112.168914512995187, 33.333934548723043 ], [ -112.168905695733642, 33.326620840834146 ], [ -112.168882663906615, 33.325286705263323 ], [ -112.166751272278347, 33.323234680827802 ], [ -112.166769676304284, 33.323033703381377 ], [ -112.166771573138121, 33.32297240986388 ], [ -112.164800936144204, 33.322959128819946 ], [ -112.164794400115369, 33.322203286590003 ], [ -112.163857358901012, 33.322200473765051 ], [ -112.163854653523316, 33.321729533021887 ], [ -112.16319155166093, 33.321343573890857 ], [ -112.162701693155, 33.321058446306431 ], [ -112.160495322009183, 33.319781858743049 ], [ -112.160494009461644, 33.319373726808152 ], [ -112.158650139484081, 33.31940004431199 ], [ -112.151709083723176, 33.319498868789879 ], [ -112.151709086981455, 33.3194952808485 ] ], [ [ -112.116640636419035, 33.378611161937052 ], [ -112.116644959823091, 33.37801132748104 ], [ -112.116826233691938, 33.377859655305102 ], [ -112.118339766941062, 33.377851813292871 ], [ -112.118334219074313, 33.378606192971965 ], [ -112.116640636419035, 33.378611161937052 ] ], [ [ -112.116284544980758, 33.385015485647891 ], [ -112.116326488616693, 33.3790737796092 ], [ -112.116637349762925, 33.379067606544055 ], [ -112.116634041992455, 33.379520470461294 ], [ -112.116624685504803, 33.380802751208478 ], [ -112.11803513944426, 33.380798127498082 ], [ -112.118030870729498, 33.381327098968434 ], [ -112.118407704330721, 33.381325805374672 ], [ -112.118404616273821, 33.381750697766634 ], [ -112.118496425904283, 33.381750383501625 ], [ -112.118492888659603, 33.38223700402272 ], [ -112.117939969677934, 33.382237558299011 ], [ -112.116542063482157, 33.382237923637987 ], [ -112.116535417969558, 33.383154980099512 ], [ -112.116530676201236, 33.383802039952897 ], [ -112.118011569153524, 33.383796291247393 ], [ -112.118009767137963, 33.384043656469217 ], [ -112.116528864617848, 33.384049405177358 ], [ -112.116522247663511, 33.384955061016129 ], [ -112.120735687390535, 33.384938599062096 ], [ -112.120728125837914, 33.385844083327193 ], [ -112.116515475522363, 33.385861046998073 ], [ -112.116507679291786, 33.386904369268215 ], [ -112.116495165472102, 33.388578739037008 ], [ -112.120707679016249, 33.388562147511664 ], [ -112.120676654256897, 33.392007303984229 ], [ -112.116721712753204, 33.392022691773434 ], [ -112.11654263098167, 33.391872221934435 ], [ -112.116235935282361, 33.391878613574725 ], [ -112.116284544980758, 33.385015485647891 ] ], [ [ -112.133978872598661, 33.380206631741324 ], [ -112.133930263942702, 33.380206578871146 ], [ -112.133942144374018, 33.379358943018907 ], [ -112.138078412836137, 33.37935268079211 ], [ -112.138065522968191, 33.380348535418015 ], [ -112.138042022076789, 33.382164157986736 ], [ -112.138018640875231, 33.383970473272093 ], [ -112.137546217784333, 33.383971891977055 ], [ -112.13389043439679, 33.383982820863267 ], [ -112.133892973017893, 33.383800792048234 ], [ -112.133857426322891, 33.383765885982321 ], [ -112.133867075623385, 33.383078747914567 ], [ -112.133890011194879, 33.38307868343113 ], [ -112.133902674624949, 33.382171364276871 ], [ -112.135882634494465, 33.382162751587117 ], [ -112.135899768378479, 33.381179898884042 ], [ -112.133916319832736, 33.381200786559944 ], [ -112.133928382282804, 33.380345869221983 ], [ -112.133977525136885, 33.38034590131987 ], [ -112.133978872598661, 33.380206631741324 ] ], [ [ -112.133847005594376, 33.386240788170454 ], [ -112.135984028322369, 33.386234068233911 ], [ -112.137990370475507, 33.386227724943929 ], [ -112.137978599350319, 33.387119755572293 ], [ -112.134755575780488, 33.387130643852331 ], [ -112.133833058253956, 33.387140493143704 ], [ -112.133847005594376, 33.386240788170454 ] ], [ [ -112.140122372719759, 33.388515416021825 ], [ -112.14012289649709, 33.388474362112539 ], [ -112.142153104943517, 33.388467612678248 ], [ -112.142153099956715, 33.388508981249132 ], [ -112.14214900613193, 33.388883871090421 ], [ -112.142149719210522, 33.389006440764341 ], [ -112.142144691560404, 33.389279853160311 ], [ -112.142136229522578, 33.389739783746606 ], [ -112.142128107992349, 33.390181329661225 ], [ -112.142132185040154, 33.390272058404996 ], [ -112.140099758426558, 33.390280678123361 ], [ -112.140102917345388, 33.389800765471854 ], [ -112.1401159905638, 33.389013502189279 ], [ -112.140122372719759, 33.388515416021825 ] ], [ [ -112.1330268431159, 33.391549157547054 ], [ -112.133413565413946, 33.391546429559902 ], [ -112.133404829307764, 33.391962163665809 ], [ -112.133018175038899, 33.391964891511172 ], [ -112.1330268431159, 33.391549157547054 ] ], [ [ -112.120675898126777, 33.392383501417271 ], [ -112.120676033622601, 33.392276313361855 ], [ -112.121547683895727, 33.392274190330518 ], [ -112.12154764632453, 33.392855632411802 ], [ -112.120676124253677, 33.392858980665565 ], [ -112.120675898126777, 33.392383501417271 ] ], [ [ -112.116457302888861, 33.4065040464859 ], [ -112.116462360349729, 33.399466534410692 ], [ -112.118132469618132, 33.399459532124062 ], [ -112.121937749803422, 33.399441351762604 ], [ -112.125004372455933, 33.399426613537941 ], [ -112.12929377717613, 33.399406191882747 ], [ -112.133338999948435, 33.399386703199561 ], [ -112.133339390003442, 33.399455502737631 ], [ -112.130825464251629, 33.399467573683175 ], [ -112.130832243694343, 33.401213560814547 ], [ -112.130839424617122, 33.403062521609719 ], [ -112.131004559412503, 33.402990423688671 ], [ -112.13163094323518, 33.402781547332886 ], [ -112.132503510634237, 33.402552893733301 ], [ -112.133526789632583, 33.40238602702275 ], [ -112.133549542289984, 33.405821102039035 ], [ -112.133464714538661, 33.405820371120917 ], [ -112.133468405632854, 33.406466243835261 ], [ -112.132370877275989, 33.406471674251229 ], [ -112.132370772390487, 33.406462731316708 ], [ -112.13206147744765, 33.406465132453121 ], [ -112.132061404516321, 33.406458233629579 ], [ -112.131840258723003, 33.406460392792241 ], [ -112.131840391793546, 33.406468143623549 ], [ -112.131715994521613, 33.406470315990219 ], [ -112.130987005871901, 33.406474932564898 ], [ -112.130495469208412, 33.406477355905288 ], [ -112.130231677846439, 33.406478654224777 ], [ -112.12947753576897, 33.406482447700945 ], [ -112.129477486232588, 33.406475359477142 ], [ -112.129447895117195, 33.406475504003879 ], [ -112.1293506816004, 33.406475725681453 ], [ -112.129339796993222, 33.403861782703444 ], [ -112.129241647222912, 33.403904130898638 ], [ -112.128550879170618, 33.4042021693623 ], [ -112.128249505589352, 33.404314469031611 ], [ -112.126691641322395, 33.405017862144597 ], [ -112.125450200183423, 33.40530482873497 ], [ -112.125375063334062, 33.405235951187528 ], [ -112.12501578605513, 33.405315511071784 ], [ -112.125015990576173, 33.405421458478365 ], [ -112.124885052800607, 33.405424613327241 ], [ -112.124849801604555, 33.405432415426681 ], [ -112.124813318986909, 33.405440490995339 ], [ -112.124764280417551, 33.405451346832237 ], [ -112.124710642819579, 33.405463219369985 ], [ -112.124636436603851, 33.405477008221723 ], [ -112.124598898439871, 33.405482026909866 ], [ -112.124561154064608, 33.40548578083861 ], [ -112.124523259376218, 33.405488266307366 ], [ -112.124472895784876, 33.40548945796052 ], [ -112.124409779710419, 33.405488103788038 ], [ -112.124384153632235, 33.40548678150752 ], [ -112.124284592230325, 33.405481637993255 ], [ -112.124219623304882, 33.405478283233556 ], [ -112.12412707137895, 33.405473502075601 ], [ -112.124013335773697, 33.405467873479751 ], [ -112.123979885895807, 33.405466882491851 ], [ -112.123912950922048, 33.405466367623518 ], [ -112.123846033515946, 33.405467818408844 ], [ -112.123779218575848, 33.405471222082298 ], [ -112.123646215390792, 33.405483892070073 ], [ -112.123564006778409, 33.405495775700821 ], [ -112.12351459054382, 33.405504314289345 ], [ -112.12344950040395, 33.405517406446236 ], [ -112.123352977685386, 33.405540590526684 ], [ -112.123301649885406, 33.405555039290768 ], [ -112.123180567201473, 33.405592223446284 ], [ -112.123060376678637, 33.405629831604806 ], [ -112.122974148044406, 33.405654911687208 ], [ -112.122891701077933, 33.405675683385105 ], [ -112.122823005748685, 33.405690537728631 ], [ -112.12278843320189, 33.40569720737583 ], [ -112.122753729370217, 33.405703372276129 ], [ -112.12271890498819, 33.405709025197865 ], [ -112.122646574077748, 33.405719073076213 ], [ -112.122591082968157, 33.405724746742912 ], [ -112.122544680756164, 33.405729490974593 ], [ -112.122496980196516, 33.405734398748066 ], [ -112.12243398484064, 33.405744183046622 ], [ -112.122401860957666, 33.405751148793492 ], [ -112.122371953883416, 33.405757634756121 ], [ -112.122311197854287, 33.40577468212858 ], [ -112.122237485837402, 33.405800922188838 ], [ -112.122194666561839, 33.405819221110036 ], [ -112.122153051450212, 33.405839372831466 ], [ -112.122126028213401, 33.405853813317769 ], [ -112.122061248045611, 33.405893291757543 ], [ -112.121995616400568, 33.405938739964391 ], [ -112.121723256978981, 33.406128197864852 ], [ -112.121151534051478, 33.406525892916626 ], [ -112.120826994541488, 33.406527427337437 ], [ -112.121312442007337, 33.406161213993563 ], [ -112.121940022695142, 33.405730813785262 ], [ -112.121004238349244, 33.405393678497326 ], [ -112.12042796784381, 33.405149721891185 ], [ -112.120004388358979, 33.404969212594331 ], [ -112.119716902618123, 33.404836798037273 ], [ -112.119594494843582, 33.404872119745541 ], [ -112.119593318089457, 33.406560628507926 ], [ -112.117636282972597, 33.406569673953342 ], [ -112.117636263473273, 33.406597157983477 ], [ -112.117495355842379, 33.406597806327682 ], [ -112.117495375386085, 33.406570322297391 ], [ -112.116542311785238, 33.406574714236882 ], [ -112.116457302888861, 33.4065040464859 ] ], [ [ -112.117825836986768, 33.344149255642037 ], [ -112.117830002345912, 33.343239571626995 ], [ -112.117834156104067, 33.342332800939701 ], [ -112.117838528183455, 33.341370544509196 ], [ -112.118488121858974, 33.341361528474408 ], [ -112.119498723859152, 33.341347472732529 ], [ -112.119988136660567, 33.341340661658023 ], [ -112.120154901368281, 33.341338340744599 ], [ -112.120813616855514, 33.341329003642763 ], [ -112.121068394374191, 33.341325624267483 ], [ -112.122133168086577, 33.341310793360385 ], [ -112.122128966615449, 33.343123438210206 ], [ -112.122128848522891, 33.343487167727702 ], [ -112.122128672835942, 33.344037262871993 ], [ -112.122128382734317, 33.344943942204758 ], [ -112.122665397212131, 33.34493921581398 ], [ -112.122683783406572, 33.344939056369938 ], [ -112.123206265269985, 33.344934456346223 ], [ -112.123513103736386, 33.344932005182358 ], [ -112.124191554583433, 33.344926582981188 ], [ -112.124232483632198, 33.34492625578963 ], [ -112.12428209655512, 33.344925859964846 ], [ -112.124280973080388, 33.346747213659832 ], [ -112.124482837686088, 33.346746441397933 ], [ -112.125556195405665, 33.346736535996214 ], [ -112.125556179260897, 33.347321876755082 ], [ -112.12555616226075, 33.347904600685169 ], [ -112.125556145612904, 33.348569796246828 ], [ -112.126438730364328, 33.34856636262861 ], [ -112.134898037087723, 33.348544378436131 ], [ -112.134895033686433, 33.350361082929574 ], [ -112.134893536885443, 33.351266647771595 ], [ -112.134892038938546, 33.352173035748024 ], [ -112.134890765302032, 33.352943671150591 ], [ -112.134889101918958, 33.353951676845988 ], [ -112.134887745085692, 33.354772921724994 ], [ -112.13488605924789, 33.355793006509955 ], [ -112.132637685297297, 33.355801022216646 ], [ -112.132638160033054, 33.356706749679873 ], [ -112.13488656813945, 33.356698783446269 ], [ -112.134887690832926, 33.358715905561652 ], [ -112.135155492569837, 33.358719122617138 ], [ -112.138238484646322, 33.358739565550984 ], [ -112.138453865486213, 33.358740992561366 ], [ -112.138593960438271, 33.358741918977209 ], [ -112.138676484746782, 33.358742152874783 ], [ -112.138739871126702, 33.358737922304101 ], [ -112.138792057334243, 33.358730163499523 ], [ -112.138822913114694, 33.358723682693629 ], [ -112.13887330244556, 33.358709905434068 ], [ -112.138912464358896, 33.358696258259556 ], [ -112.138950396637313, 33.358680354484299 ], [ -112.138995800466589, 33.358657416586084 ], [ -112.139067397794193, 33.358610741065839 ], [ -112.139068151334527, 33.358972481498405 ], [ -112.139068330432266, 33.35939859888893 ], [ -112.140455682531908, 33.359393514616059 ], [ -112.140458067124158, 33.363110553128287 ], [ -112.136927679838337, 33.363123333448087 ], [ -112.136923072031649, 33.359033186995624 ], [ -112.135729452213695, 33.35902526886688 ], [ -112.134887845832921, 33.359018258517033 ], [ -112.134888478602235, 33.360370097433211 ], [ -112.134844131088528, 33.360382642442381 ], [ -112.134817381825656, 33.360390176360276 ], [ -112.13478459050792, 33.360395609978148 ], [ -112.134757369652931, 33.360398032002756 ], [ -112.134675406984215, 33.360399146184662 ], [ -112.134673149104941, 33.359412142989079 ], [ -112.1337561301345, 33.35941502561365 ], [ -112.130495234708434, 33.359427337877023 ], [ -112.130497613046742, 33.362964359765968 ], [ -112.130494653051571, 33.363146881296146 ], [ -112.130487656439541, 33.364958312582722 ], [ -112.130481014747815, 33.366678074739511 ], [ -112.130472313793874, 33.370390951530815 ], [ -112.130466488352738, 33.372124164301134 ], [ -112.128311359327725, 33.372131633588474 ], [ -112.126157841744813, 33.372139057332781 ], [ -112.126146783196447, 33.37395532146828 ], [ -112.128676475323886, 33.373946585062811 ], [ -112.130458801467057, 33.373940401176277 ], [ -112.130451217775601, 33.376117341241311 ], [ -112.131529308211512, 33.376113913590913 ], [ -112.131524273750543, 33.377459533324242 ], [ -112.129365145600019, 33.377466269781195 ], [ -112.12882637884691, 33.37746794471412 ], [ -112.126125341294369, 33.377476179236361 ], [ -112.125044151365671, 33.377479641838505 ], [ -112.124938318512733, 33.377479954709976 ], [ -112.12203799293998, 33.377489135134716 ], [ -112.121801195500879, 33.377489965815457 ], [ -112.121800903545534, 33.377518968000608 ], [ -112.121565084616677, 33.377518205997397 ], [ -112.1188801297547, 33.377526690044462 ], [ -112.118886882863123, 33.37677269058171 ], [ -112.117619065760195, 33.376775809875255 ], [ -112.11763070106889, 33.375372515012231 ], [ -112.117391864262572, 33.375372956442476 ], [ -112.117391070916085, 33.375372872062798 ], [ -112.117435225610137, 33.37024123784942 ], [ -112.117472099066902, 33.366743919802815 ], [ -112.117502652114069, 33.36319810329352 ], [ -112.125529129089529, 33.363166696236483 ], [ -112.125530765629392, 33.361841581391047 ], [ -112.126211957390097, 33.361838751918839 ], [ -112.126213544568046, 33.359448162494708 ], [ -112.123266201396603, 33.359460918552784 ], [ -112.123266219251477, 33.359436641711682 ], [ -112.121764212271245, 33.359484533075538 ], [ -112.121715905743201, 33.359486978954031 ], [ -112.121667727177382, 33.359490840291464 ], [ -112.121619741030727, 33.35949611157136 ], [ -112.121572001006513, 33.359502783688129 ], [ -112.121524569406432, 33.359510848423845 ], [ -112.121477501012592, 33.359520298474862 ], [ -112.121430858118373, 33.359531122016541 ], [ -112.121384690110204, 33.359543301835423 ], [ -112.121316457265436, 33.359564093294843 ], [ -112.121271731529731, 33.359579605228262 ], [ -112.121249617482761, 33.35958785085981 ], [ -112.121205918157216, 33.359605306974416 ], [ -112.121162975032405, 33.359624031439672 ], [ -112.121120833184662, 33.359644001639396 ], [ -112.121079550582849, 33.359665194034363 ], [ -112.121058052785543, 33.359676904800985 ], [ -112.118545076861594, 33.3610727194296 ], [ -112.118470912376708, 33.361108251148622 ], [ -112.118396346490556, 33.361147278513378 ], [ -112.118294696338623, 33.361193311941605 ], [ -112.118191196288478, 33.361236341979328 ], [ -112.118085966569382, 33.361276312520758 ], [ -112.117979140335208, 33.361313180063512 ], [ -112.117870845347127, 33.361346892097046 ], [ -112.117761211559682, 33.361377415043748 ], [ -112.117705937313971, 33.361391465770524 ], [ -112.117635109357764, 33.361408104316133 ], [ -112.11763452086457, 33.363022909034257 ], [ -112.11750210614629, 33.363023123295996 ], [ -112.117507561279965, 33.355910454088821 ], [ -112.117500516974118, 33.351316737387691 ], [ -112.117500651977508, 33.350408800350714 ], [ -112.117510524910287, 33.348594227752777 ], [ -112.11763057179391, 33.348594005590044 ], [ -112.117676754555447, 33.348594736076521 ], [ -112.117693839749876, 33.344982646818025 ], [ -112.117821999087951, 33.344982698094277 ], [ -112.117825836986768, 33.344149255642037 ] ], [ [ -112.160513950006191, 33.355739857062211 ], [ -112.160518733760782, 33.352047908953921 ], [ -112.164824011821381, 33.352042312300824 ], [ -112.165862915395351, 33.352041812515246 ], [ -112.168963936582486, 33.352015277573244 ], [ -112.168962099792481, 33.352250480420189 ], [ -112.168939428886716, 33.355696653812487 ], [ -112.169298551026486, 33.355695883105703 ], [ -112.169299433114631, 33.355558987886873 ], [ -112.169380658600858, 33.355668165115752 ], [ -112.17340029612707, 33.355656766893489 ], [ -112.17339727909048, 33.355684260018052 ], [ -112.177682113656275, 33.355671998757465 ], [ -112.177630459196948, 33.362839559275884 ], [ -112.177629750087831, 33.363015632427434 ], [ -112.173351432440938, 33.36302443574823 ], [ -112.173351384172378, 33.363094003747186 ], [ -112.171094539928376, 33.36310338754771 ], [ -112.171093182461078, 33.363003968578099 ], [ -112.17109227990413, 33.362816424457534 ], [ -112.170052158530879, 33.362819398229618 ], [ -112.170052085390523, 33.362805656302513 ], [ -112.169614833265385, 33.362807342295866 ], [ -112.169435624218636, 33.362656527292692 ], [ -112.169444700596188, 33.3611920017931 ], [ -112.169264240151463, 33.361192583666138 ], [ -112.169270136502945, 33.36030302438764 ], [ -112.168909695705281, 33.36030432884931 ], [ -112.168901172344604, 33.361193767217564 ], [ -112.168904227291478, 33.361193761011378 ], [ -112.168900467196394, 33.361801918799216 ], [ -112.168949625163407, 33.361801876633571 ], [ -112.168947677912271, 33.362115752733999 ], [ -112.16889851138022, 33.362116239460356 ], [ -112.168896542129019, 33.36246240676666 ], [ -112.16896859947208, 33.362462691378518 ], [ -112.168966650589198, 33.362809862228922 ], [ -112.168392856272661, 33.362810062070736 ], [ -112.168392853075133, 33.362870529921139 ], [ -112.166972115257437, 33.362871899135762 ], [ -112.166973171885488, 33.363053288819472 ], [ -112.166046502042974, 33.363054175204148 ], [ -112.16475026151241, 33.363055403232394 ], [ -112.162644689205706, 33.363057367165474 ], [ -112.162644149797643, 33.363862079615963 ], [ -112.162643464818458, 33.364882759240466 ], [ -112.162642924682302, 33.365691000752129 ], [ -112.162642373067712, 33.366518062687369 ], [ -112.162642310230154, 33.366608771301983 ], [ -112.161692432055702, 33.366609856116774 ], [ -112.160507503265009, 33.366615071815446 ], [ -112.15622698827076, 33.366619109473511 ], [ -112.156228758798946, 33.368628861456507 ], [ -112.156231438887389, 33.370261447251359 ], [ -112.152100936452456, 33.370266452075043 ], [ -112.152064452642122, 33.370266496913317 ], [ -112.151846892204702, 33.370266827196254 ], [ -112.151824861834967, 33.362977676307288 ], [ -112.151824643516093, 33.362885725590502 ], [ -112.156210277129532, 33.362889764537272 ], [ -112.160501732090935, 33.362884434121874 ], [ -112.160501955095214, 33.362710875897903 ], [ -112.160507069128997, 33.361102372250386 ], [ -112.160505808357271, 33.359744851437881 ], [ -112.160506300002311, 33.359365917818948 ], [ -112.160508633781106, 33.357568387457185 ], [ -112.160513950006191, 33.355739857062211 ] ], [ [ -112.167954005937617, 33.363085325500542 ], [ -112.167954229061394, 33.363112855189449 ], [ -112.168892880969139, 33.363111950060933 ], [ -112.16889234654785, 33.363345731450593 ], [ -112.168891730924543, 33.363615802354218 ], [ -112.168940860580392, 33.363615650238117 ], [ -112.168939787774875, 33.364086214774062 ], [ -112.168890688322804, 33.364086498478905 ], [ -112.168726858471942, 33.364086616585801 ], [ -112.168553775447322, 33.364086783907858 ], [ -112.167784563998438, 33.364087531461294 ], [ -112.166969428354548, 33.364088520133173 ], [ -112.166969948978775, 33.363672104445627 ], [ -112.16697121948863, 33.363113755189481 ], [ -112.167511826494959, 33.363113235821878 ], [ -112.167511946431475, 33.363085751425949 ], [ -112.167954005937617, 33.363085325500542 ] ], [ [ -112.17334487020625, 33.366585522950608 ], [ -112.173478977675444, 33.366586955258661 ], [ -112.173471801454781, 33.37011993899138 ], [ -112.173417692737303, 33.370120187968602 ], [ -112.173372839992666, 33.370120393436878 ], [ -112.173372663565985, 33.370216195066924 ], [ -112.17754920791225, 33.370203539063347 ], [ -112.177550936072777, 33.370100962338412 ], [ -112.177635144578815, 33.370100906178685 ], [ -112.17775249787104, 33.370100829854252 ], [ -112.17775503868782, 33.370206698762757 ], [ -112.179571117532902, 33.370197704695492 ], [ -112.180489083930638, 33.370189086448633 ], [ -112.180484424894843, 33.373907487172467 ], [ -112.18048083795442, 33.377382714218868 ], [ -112.17954853978128, 33.377393616327893 ], [ -112.177611415352644, 33.377403695460593 ], [ -112.177611314496687, 33.375851567132507 ], [ -112.177611687158759, 33.375430039947247 ], [ -112.177615120354631, 33.3749663054137 ], [ -112.177613427677116, 33.373450387959394 ], [ -112.177614416780074, 33.372325772148002 ], [ -112.177616274354605, 33.370212072556825 ], [ -112.175979068085354, 33.370219671746021 ], [ -112.173548312539864, 33.37023153320969 ], [ -112.172667504986308, 33.370236221906652 ], [ -112.171990322620374, 33.370239598449828 ], [ -112.171433467911498, 33.370242369149736 ], [ -112.170876613168801, 33.370245143663929 ], [ -112.170319758355646, 33.370247909368537 ], [ -112.169420429976327, 33.370244942923222 ], [ -112.169420355698065, 33.370234122554628 ], [ -112.169331864425558, 33.370171333574085 ], [ -112.169237265430453, 33.37013030529944 ], [ -112.169235155621337, 33.369730072066325 ], [ -112.169235496642997, 33.369580694982929 ], [ -112.169236877301742, 33.368972556318511 ], [ -112.169240736139898, 33.368605418060689 ], [ -112.169241922929288, 33.368084154975165 ], [ -112.169243115993822, 33.367560970288345 ], [ -112.169243804825484, 33.367258612765021 ], [ -112.169245295943611, 33.3666035305992 ], [ -112.169448206954499, 33.366602642420865 ], [ -112.171570827058517, 33.366593330423498 ], [ -112.17334487020625, 33.366585522950608 ] ], [ [ -112.164843675755947, 33.348386468728336 ], [ -112.163444541490762, 33.348385837644827 ], [ -112.16048874498324, 33.348384794291121 ], [ -112.159885458821336, 33.348389035916455 ], [ -112.159887056828353, 33.348299525105347 ], [ -112.159836715598686, 33.344533722800669 ], [ -112.160460158798813, 33.344525927029963 ], [ -112.160520338686368, 33.344525173171846 ], [ -112.161824169843001, 33.344520386210384 ], [ -112.162930984819042, 33.344516277558697 ], [ -112.163758493690125, 33.344513224530914 ], [ -112.163760972272939, 33.347989031662323 ], [ -112.164150168735077, 33.347991768835477 ], [ -112.164243554121455, 33.347808824332759 ], [ -112.164266552892258, 33.347763770358334 ], [ -112.16429706528703, 33.347706723036467 ], [ -112.164330415287992, 33.347649739479643 ], [ -112.164384833987754, 33.347566183676832 ], [ -112.16442397376548, 33.347511857616453 ], [ -112.164465352629904, 33.347458708320211 ], [ -112.164508913840749, 33.34740680803619 ], [ -112.164554607055933, 33.347356211867144 ], [ -112.164602376592583, 33.347306985747018 ], [ -112.164652161373354, 33.347259187505067 ], [ -112.164703904634251, 33.347212880372197 ], [ -112.164757545275847, 33.347168114062328 ], [ -112.164843210340024, 33.347101493829456 ], [ -112.164843675755947, 33.348386468728336 ] ] ] } },
{ "type": "Feature", "properties": { "OBJECTID": 1607, "DISTRICT": "5", "REP_NAME": "Councilmember Betty Guardado", "REP_URL": "https://phoenix.gov/district5", "EMAIL": "https://www.phoenix.gov/district5/contact-district-5", "IMAGE_URL": "https://www.phoenix.gov/content/dam/phoenix/mayorcouncilsite/mediaassets/Headshot_D5_Guardado_high_res.jpg", "C_TRACT": 5 }, "geometry": { "type": "Polygon", "coordinates": [ [ [ -112.099629407229372, 33.553101135194368 ], [ -112.099657000473584, 33.560430999545623 ], [ -112.114656184995326, 33.560321448385309 ], [ -112.114660837707689, 33.560321446354202 ], [ -112.134243205242981, 33.560310982715038 ], [ -112.134267626760888, 33.553099099916828 ], [ -112.151698843656916, 33.553112886327803 ], [ -112.151552750302798, 33.545767121820099 ], [ -112.151570414706995, 33.538510667235464 ], [ -112.15159168034296, 33.531252248776092 ], [ -112.151625182338677, 33.523985427332036 ], [ -112.15165865473864, 33.516735804357765 ], [ -112.151693109939728, 33.50999891174888 ], [ -112.151775131590369, 33.509999099663546 ], [ -112.151776872663078, 33.50961998884457 ], [ -112.152224304858663, 33.50962085934632 ], [ -112.152225143460299, 33.509438947165179 ], [ -112.152234941248466, 33.509347375419736 ], [ -112.152974015697822, 33.50934879290385 ], [ -112.160168077379765, 33.509362659324303 ], [ -112.168775769642266, 33.50937866393631 ], [ -112.172813599961046, 33.50940509276947 ], [ -112.173469878250145, 33.509409448150009 ], [ -112.177566744044654, 33.509436572593543 ], [ -112.186358923803894, 33.509494198330287 ], [ -112.186359072856362, 33.509477707912481 ], [ -112.195056118379739, 33.509371972006164 ], [ -112.201520620313403, 33.509290554774097 ], [ -112.202455238436599, 33.509275672270576 ], [ -112.20291355735128, 33.509268372678548 ], [ -112.202980376570849, 33.509265953231875 ], [ -112.203214454793681, 33.509254713507204 ], [ -112.211796785690467, 33.509075716278979 ], [ -112.211869342519222, 33.50907420260156 ], [ -112.220515934341478, 33.508893261691043 ], [ -112.229108352774787, 33.508798118529675 ], [ -112.237720097275485, 33.508703509707601 ], [ -112.246397444301465, 33.50870280401103 ], [ -112.254882605076773, 33.508702664552501 ], [ -112.255109498335941, 33.508702734722398 ], [ -112.255209950605092, 33.508693825709635 ], [ -112.257945458931914, 33.508616839114744 ], [ -112.263847186219209, 33.508460589459425 ], [ -112.271466388631353, 33.508242260175976 ], [ -112.272492200941244, 33.508220286291007 ], [ -112.272863040750252, 33.508146295847929 ], [ -112.272707178225033, 33.508415317510909 ], [ -112.272629275082679, 33.514111851284021 ], [ -112.272604393809473, 33.515572237728875 ], [ -112.272552651277266, 33.519193949118183 ], [ -112.272502919873588, 33.522465968563559 ], [ -112.272498984736359, 33.522791074982102 ], [ -112.280188496984152, 33.522707790466093 ], [ -112.280068140219967, 33.522463229086569 ], [ -112.280328083471773, 33.522456859503663 ], [ -112.280319763997781, 33.522515263470225 ], [ -112.281252185265558, 33.522488436681385 ], [ -112.281251732409586, 33.522361773033658 ], [ -112.28999444722173, 33.522318067065385 ], [ -112.294383132065079, 33.522133188565562 ], [ -112.294375533261288, 33.518937002955134 ], [ -112.298672714964667, 33.518757039994313 ], [ -112.298661183745125, 33.515136140718937 ], [ -112.30675729951686, 33.514798942313554 ], [ -112.306846084945761, 33.521608407968102 ], [ -112.306928117932301, 33.5216079926427 ], [ -112.315383525119756, 33.521543590723638 ], [ -112.323775439643327, 33.521527146008431 ], [ -112.323764580579436, 33.51469594751164 ], [ -112.323946201717462, 33.51469554798998 ], [ -112.324064664398364, 33.514697390125164 ], [ -112.324036813490792, 33.507569743712693 ], [ -112.323988035510581, 33.503928777446923 ], [ -112.323876470677945, 33.503927659999178 ], [ -112.323698276755749, 33.503926525118651 ], [ -112.323646347549527, 33.500353514285898 ], [ -112.32360855486462, 33.496773345139381 ], [ -112.323607203561181, 33.496705348018594 ], [ -112.319612385785618, 33.496666964654018 ], [ -112.319568107349667, 33.493416990394614 ], [ -112.319470784542688, 33.493415709902749 ], [ -112.319035795064707, 33.493412360404875 ], [ -112.318440082132383, 33.49340524217174 ], [ -112.315911774991406, 33.493372856876888 ], [ -112.31469728129585, 33.493358432572819 ], [ -112.312870431665246, 33.493341874742939 ], [ -112.311516462607287, 33.493330068851634 ], [ -112.310932958568202, 33.493325030651519 ], [ -112.310639651415599, 33.493322495628099 ], [ -112.30904905940767, 33.493309628605516 ], [ -112.308359700780727, 33.493304204702298 ], [ -112.306676314907477, 33.493291169491947 ], [ -112.306570468826777, 33.493299928848124 ], [ -112.306570496680166, 33.493278290969577 ], [ -112.306359949680768, 33.493285265986216 ], [ -112.306359791910396, 33.493258214960385 ], [ -112.302835973015888, 33.493384501091192 ], [ -112.302835877217802, 33.493439770323242 ], [ -112.302601219753981, 33.49344819367191 ], [ -112.302601001532395, 33.493393184201821 ], [ -112.301254176942209, 33.493436823941231 ], [ -112.298654604888299, 33.493521013091865 ], [ -112.298654743282427, 33.493589781675261 ], [ -112.296438217619297, 33.493670936894979 ], [ -112.296438787623458, 33.493616619284275 ], [ -112.296098911052084, 33.493629379684499 ], [ -112.296098764245272, 33.493683558040338 ], [ -112.294361446866304, 33.493746718703534 ], [ -112.294361876780115, 33.493677931239375 ], [ -112.292465039085926, 33.493747260015716 ], [ -112.292464043847218, 33.493816069931711 ], [ -112.290200464340757, 33.493899634053562 ], [ -112.290197317101089, 33.49403686871856 ], [ -112.290089039483902, 33.494040379823062 ], [ -112.290093461570521, 33.493791443824215 ], [ -112.287052687636788, 33.493816449617171 ], [ -112.285096583346458, 33.493830627890524 ], [ -112.284808432958513, 33.493832391385212 ], [ -112.283075480595798, 33.49384680062964 ], [ -112.282579529178832, 33.493850920685766 ], [ -112.282167882247165, 33.493854337475803 ], [ -112.281747572266994, 33.493857827112812 ], [ -112.281668977753569, 33.493858478828464 ], [ -112.281372850125351, 33.493860934097761 ], [ -112.28122863135809, 33.493860196196501 ], [ -112.272439403649784, 33.493925106477192 ], [ -112.27243028193945, 33.486533496149576 ], [ -112.27244543610621, 33.479365407707476 ], [ -112.272445635486648, 33.479274669996244 ], [ -112.272422670428483, 33.479275241763808 ], [ -112.272451968358652, 33.472107439783429 ], [ -112.2724702454301, 33.468341070998193 ], [ -112.272388252503958, 33.468343021328835 ], [ -112.272401712621075, 33.465580681893456 ], [ -112.272027672209148, 33.465586157628032 ], [ -112.271169625311671, 33.46486450355016 ], [ -112.271035043143058, 33.464867647507916 ], [ -112.269642789481608, 33.464888563172998 ], [ -112.263938635975421, 33.464973739351095 ], [ -112.255251022510478, 33.465154796695984 ], [ -112.255252594495431, 33.465218211207016 ], [ -112.246583873985045, 33.46535282889301 ], [ -112.238140293246303, 33.46547859876204 ], [ -112.220528000482886, 33.465667999409355 ], [ -112.220369486137898, 33.480197347689789 ], [ -112.211907491863087, 33.480263912650983 ], [ -112.211885209868626, 33.494744535458416 ], [ -112.203227196677062, 33.49481395074924 ], [ -112.203248176732814, 33.487576556296148 ], [ -112.191443285817371, 33.487734180375774 ], [ -112.186409471163969, 33.487801445309955 ], [ -112.177755948505251, 33.4877688624073 ], [ -112.177745016420261, 33.488536405293857 ], [ -112.176995818022718, 33.488117691624417 ], [ -112.176693077450864, 33.487987816210762 ], [ -112.176418034393336, 33.487926977811483 ], [ -112.17590484366356, 33.487889666427513 ], [ -112.168924251927194, 33.488008355597486 ], [ -112.168870894654574, 33.494949839126775 ], [ -112.134272416627809, 33.494957955821491 ], [ -112.134176878613303, 33.509450082855196 ], [ -112.11237482641792, 33.50950550462607 ], [ -112.112270741133301, 33.524055204726331 ], [ -112.099702679235563, 33.524138444435138 ], [ -112.099574999994829, 33.538641999229881 ], [ -112.099629407229372, 33.553101135194368 ] ], [ [ -112.306833405007964, 33.514725728430648 ], [ -112.306763371141244, 33.507626859788537 ], [ -112.302867725719508, 33.50779234227214 ], [ -112.302847213586773, 33.500496149549797 ], [ -112.302847010691963, 33.500413617018182 ], [ -112.302846555350712, 33.500330949117604 ], [ -112.302827500764806, 33.496875964110941 ], [ -112.302832569688022, 33.494645495354092 ], [ -112.305080163528046, 33.494566895586296 ], [ -112.30657300140571, 33.494514666718402 ], [ -112.306692157314359, 33.494510495627033 ], [ -112.307390957492373, 33.494515739398736 ], [ -112.307751797685754, 33.494518748846787 ], [ -112.308577593137898, 33.494525632785624 ], [ -112.308821131229152, 33.494527659332398 ], [ -112.308814752980197, 33.493441771387872 ], [ -112.315207246771763, 33.493494252046162 ], [ -112.316843921550003, 33.493518829523332 ], [ -112.317884014162928, 33.493532874246796 ], [ -112.318495614443506, 33.493539970682882 ], [ -112.319472478655996, 33.493549856448851 ], [ -112.319512666002325, 33.496738918850305 ], [ -112.32344582477397, 33.496771980511824 ], [ -112.323494513742929, 33.500352696449688 ], [ -112.323535175207667, 33.504069691180021 ], [ -112.323827372489987, 33.504071757340398 ], [ -112.323874301707193, 33.507567367328285 ], [ -112.323894085880596, 33.5145554363068 ], [ -112.323603978804229, 33.514553717952126 ], [ -112.323614930014301, 33.52138984767187 ], [ -112.315383187289839, 33.521408491765541 ], [ -112.306924795775217, 33.521469684904105 ], [ -112.306833405007964, 33.514725728430648 ] ] ] } },
{ "type": "Feature", "properties": { "OBJECTID": 1608, "DISTRICT": "1", "REP_NAME": "Vice Mayor Ann O'Brien", "REP_URL": "https://phoenix.gov/district1", "EMAIL": "https://www.phoenix.gov/district1/contact-district-1", "IMAGE_URL": "https://www.phoenix.gov/content/dam/phoenix/mayorcouncilsite/mediaassets/Headshot_D1_OBrien_2022_high_res.jpg", "C_TRACT": 1 }, "geometry": { "type": "Polygon", "coordinates": [ [ [ -112.145716961977726, 33.91470878534853 ], [ -112.147714269625311, 33.914709790213948 ], [ -112.148043894055903, 33.91470991077675 ], [ -112.152230805875263, 33.914715481626033 ], [ -112.152227490283849, 33.918354975626393 ], [ -112.169692066484529, 33.918357615856841 ], [ -112.187127217807728, 33.918359842151162 ], [ -112.203537086200356, 33.918359689828698 ], [ -112.203548190472105, 33.914727986468833 ], [ -112.203577870427651, 33.913752298980647 ], [ -112.212139877126944, 33.913720973277272 ], [ -112.22070188846989, 33.91368916328414 ], [ -112.220742112518224, 33.906485718147856 ], [ -112.22078238063537, 33.899274525793437 ], [ -112.221085625334538, 33.899284766819861 ], [ -112.22098763993624, 33.892041305467828 ], [ -112.220984910006933, 33.891839478182433 ], [ -112.220891777481171, 33.884953146523912 ], [ -112.220888762746, 33.884730611889793 ], [ -112.220940620989737, 33.877546602982136 ], [ -112.220964248341076, 33.874273173082393 ], [ -112.207921711453707, 33.874158833414242 ], [ -112.207964499044081, 33.87749179812112 ], [ -112.203568525719362, 33.877472919610241 ], [ -112.203575416568498, 33.873851934161173 ], [ -112.212273938011336, 33.873859754477039 ], [ -112.220968009178577, 33.873961959951863 ], [ -112.220992472029437, 33.870362576714733 ], [ -112.221032590978439, 33.863123605484965 ], [ -112.221072707998616, 33.855884627578298 ], [ -112.221085376064764, 33.84856875770717 ], [ -112.220999791614759, 33.841383992945929 ], [ -112.220999822968338, 33.840478398382288 ], [ -112.220999691677051, 33.840430387279916 ], [ -112.220996753847402, 33.840253921947919 ], [ -112.221046401438628, 33.840267683749069 ], [ -112.221094842893393, 33.840282884820674 ], [ -112.221173696792491, 33.840309133398257 ], [ -112.221291130475976, 33.840352732445879 ], [ -112.224231222066592, 33.841528672483825 ], [ -112.228272770456925, 33.843147773420945 ], [ -112.228502206635639, 33.843226567350612 ], [ -112.228740840681212, 33.84329163175093 ], [ -112.228886963676885, 33.843322247537124 ], [ -112.229098663849683, 33.843354494857934 ], [ -112.229283936443665, 33.843372316778847 ], [ -112.229384184370844, 33.843377572468533 ], [ -112.229484592390051, 33.84337990635931 ], [ -112.229635234665778, 33.843377919137978 ], [ -112.229714169669748, 33.843374248331941 ], [ -112.229829762408627, 33.843365248550619 ], [ -112.229963617480792, 33.84335060938772 ], [ -112.230108232694917, 33.843327994774931 ], [ -112.230258276027826, 33.843298441597028 ], [ -112.23044799968747, 33.843249794225073 ], [ -112.230680674806734, 33.843173623735773 ], [ -112.230864560024131, 33.84309936871054 ], [ -112.231066172521807, 33.84300066173418 ], [ -112.231246930745016, 33.842895667311829 ], [ -112.231363433316474, 33.842818802794554 ], [ -112.231548585562976, 33.842677333519077 ], [ -112.231680311657783, 33.842559333101207 ], [ -112.231805701108627, 33.84243103218104 ], [ -112.231891601666959, 33.842331506033446 ], [ -112.231945570446072, 33.842263001237015 ], [ -112.232021511308531, 33.842156987924028 ], [ -112.232096534800831, 33.842038087073526 ], [ -112.232143059307987, 33.841955140740957 ], [ -112.232193112858738, 33.841855467161118 ], [ -112.232250994472807, 33.841721622127466 ], [ -112.232277729130004, 33.841647890656191 ], [ -112.232305767894786, 33.841561215510652 ], [ -112.232346746267879, 33.841406752630327 ], [ -112.234116543063664, 33.834155060426177 ], [ -112.235890116491177, 33.827100410772388 ], [ -112.221003980914361, 33.827129576050091 ], [ -112.216322359072109, 33.827104577444317 ], [ -112.216330641944609, 33.82322627801738 ], [ -112.212311278496387, 33.823200642582862 ], [ -112.207958243250047, 33.823173226662 ], [ -112.207959709343683, 33.819552123281106 ], [ -112.212310483450352, 33.819574733056776 ], [ -112.216667710619191, 33.819597695696629 ], [ -112.216652158780207, 33.826831962098964 ], [ -112.221003007223018, 33.826854757992905 ], [ -112.228678190305587, 33.826843009372723 ], [ -112.233065613720598, 33.82683594500125 ], [ -112.235956919479378, 33.826831202450109 ], [ -112.238504328294837, 33.826826971797402 ], [ -112.252991265179347, 33.826897109090666 ], [ -112.240369897588195, 33.812390124469424 ], [ -112.238427874697194, 33.812386812319204 ], [ -112.238232203261632, 33.808872650335594 ], [ -112.233929973398389, 33.80881094959102 ], [ -112.233985673665984, 33.805265159071517 ], [ -112.229603430599894, 33.805161406686764 ], [ -112.220904323222243, 33.804954986671753 ], [ -112.217461077624847, 33.804965700924392 ], [ -112.217714930110915, 33.804752709957931 ], [ -112.217734188266007, 33.804483008800197 ], [ -112.217819251942871, 33.804137380837531 ], [ -112.217898537364775, 33.803838810258135 ], [ -112.217993369099489, 33.803488021616602 ], [ -112.218244433043054, 33.80311903814318 ], [ -112.218467358824938, 33.802802095637325 ], [ -112.218651135142338, 33.802544899626291 ], [ -112.21867689381736, 33.802508851893535 ], [ -112.218931137289061, 33.802081575922664 ], [ -112.219138871795423, 33.801732458995936 ], [ -112.219336909561576, 33.801203950617193 ], [ -112.21959929334804, 33.800517881779825 ], [ -112.219597096435223, 33.799894308879807 ], [ -112.219460891958931, 33.799445441428993 ], [ -112.219331538792417, 33.799069140392604 ], [ -112.219309008946212, 33.798937176645609 ], [ -112.21924108706277, 33.797760727457401 ], [ -112.2192493901982, 33.797446816073439 ], [ -112.219262620982676, 33.796946547531 ], [ -112.219270139670527, 33.796662332851781 ], [ -112.219273666200138, 33.796528953564831 ], [ -112.219243358299011, 33.796253684006437 ], [ -112.219193926976303, 33.795804726658538 ], [ -112.219170648927474, 33.79559329532281 ], [ -112.219121143714005, 33.795143678071277 ], [ -112.219128468349652, 33.794950043217419 ], [ -112.219134618045189, 33.794787440506916 ], [ -112.219141132143875, 33.79461514960623 ], [ -112.219149633389335, 33.794390377086422 ], [ -112.219154915209643, 33.794250627823907 ], [ -112.219144115675675, 33.794017517294442 ], [ -112.219125554179371, 33.793616883568937 ], [ -112.21911497139746, 33.793388548504744 ], [ -112.21935798141061, 33.793024030734799 ], [ -112.219629011972231, 33.7926174783139 ], [ -112.219919357830761, 33.792267098204185 ], [ -112.22021707912937, 33.791907810816511 ], [ -112.220300459672856, 33.791583228190625 ], [ -112.220399123871303, 33.791199149649572 ], [ -112.220411158233674, 33.79090465918118 ], [ -112.220423991682509, 33.790590610001495 ], [ -112.220433101544344, 33.790367668808877 ], [ -112.220356287409743, 33.790152127956816 ], [ -112.220274560167994, 33.789922808441283 ], [ -112.220246708519383, 33.789844657258051 ], [ -112.220217316118479, 33.789700154019535 ], [ -112.220166750637887, 33.789451575197475 ], [ -112.220139499247736, 33.789317600611334 ], [ -112.22011687223609, 33.789206358700788 ], [ -112.220096463978166, 33.789106013147467 ], [ -112.220095829011839, 33.788926003489856 ], [ -112.220095285595946, 33.788771946624671 ], [ -112.220102956970763, 33.788758784443267 ], [ -112.220134152790479, 33.788590612667733 ], [ -112.220138163950139, 33.788573013461722 ], [ -112.220163316385609, 33.788513706138673 ], [ -112.2202141288099, 33.78839390185567 ], [ -112.220277963790721, 33.788243384242371 ], [ -112.220372367494249, 33.788084702675278 ], [ -112.220515097918451, 33.787844780797712 ], [ -112.22067147465448, 33.787581924177779 ], [ -112.220754945737681, 33.787441610558126 ], [ -112.220820434450204, 33.787234274845012 ], [ -112.220919892300742, 33.786919382527827 ], [ -112.220991881480941, 33.786691463191687 ], [ -112.221043848683408, 33.7865269303513 ], [ -112.221147712012382, 33.786198085672666 ], [ -112.22119294145962, 33.786054879832072 ], [ -112.221233998154901, 33.785817078862863 ], [ -112.22126305655469, 33.785648780366941 ], [ -112.221289880006267, 33.78549340348475 ], [ -112.22133975768385, 33.785204500520315 ], [ -112.22135477660693, 33.785117514812107 ], [ -112.221367229580679, 33.785045392793592 ], [ -112.221383028226029, 33.784966680480338 ], [ -112.221414102844449, 33.784829692989426 ], [ -112.221450667706236, 33.784668479069438 ], [ -112.221486878423633, 33.784508836680672 ], [ -112.221520393836528, 33.78436108916712 ], [ -112.221550194260203, 33.784229702209572 ], [ -112.221580866918671, 33.784091566955354 ], [ -112.221599195425199, 33.784008656589663 ], [ -112.221664443835607, 33.783713503991365 ], [ -112.221789166448346, 33.783468702913808 ], [ -112.221878336306986, 33.783293678941469 ], [ -112.221943715169388, 33.783165356026871 ], [ -112.221994307529542, 33.783066050443132 ], [ -112.222080885162995, 33.78296193384589 ], [ -112.222199504656814, 33.782819290668996 ], [ -112.222296502612693, 33.78270264405753 ], [ -112.222399659012055, 33.782578589495429 ], [ -112.222478351297099, 33.782483956753602 ], [ -112.222511094085178, 33.782382609671473 ], [ -112.222559276236836, 33.782233464893224 ], [ -112.222766409547575, 33.781587404328647 ], [ -112.222989337511407, 33.780881491489367 ], [ -112.223374030145237, 33.780346734729598 ], [ -112.223709936099638, 33.780205440578364 ], [ -112.223899897110741, 33.780017687238519 ], [ -112.224011230438137, 33.77979267586889 ], [ -112.224212003577591, 33.779492531644756 ], [ -112.224300204135815, 33.779070934355666 ], [ -112.224561958911252, 33.778777587410893 ], [ -112.224780301464037, 33.778489171219206 ], [ -112.22494753182302, 33.778217198564612 ], [ -112.225081017454386, 33.777917220942768 ], [ -112.224854368977859, 33.777252947245692 ], [ -112.224807806746796, 33.776775501462922 ], [ -112.224851384589556, 33.776419563115191 ], [ -112.225007563671454, 33.776194436935874 ], [ -112.225206947594316, 33.77551037216211 ], [ -112.225116338698328, 33.775257772580794 ], [ -112.225250121375723, 33.77504206476226 ], [ -112.225889599696401, 33.774673798496842 ], [ -112.226458620184701, 33.774346107805655 ], [ -112.226670583507754, 33.774045930391615 ], [ -112.226551674561208, 33.773561507653 ], [ -112.226247980327742, 33.773432735247866 ], [ -112.225828557776452, 33.773254890339878 ], [ -112.225101300377801, 33.77294651187313 ], [ -112.22349108613929, 33.772263715443451 ], [ -112.221946415113393, 33.771608680582176 ], [ -112.220994450319637, 33.771204975335571 ], [ -112.219833331685862, 33.769086803507626 ], [ -112.219556136249224, 33.768582052188343 ], [ -112.219236120594772, 33.768013153553269 ], [ -112.218369168911281, 33.766329521609187 ], [ -112.217965250675121, 33.765598944768939 ], [ -112.217608575878771, 33.765032406821945 ], [ -112.217468402974788, 33.764817767833506 ], [ -112.216856801933233, 33.764025075212309 ], [ -112.216374434821532, 33.763436740560948 ], [ -112.216145980255789, 33.763170592893673 ], [ -112.215492526510758, 33.762450259430658 ], [ -112.215271157344418, 33.762275768355217 ], [ -112.214927817661533, 33.761944985429224 ], [ -112.214411589070679, 33.761525191057686 ], [ -112.214220634237748, 33.76134996287886 ], [ -112.212097719780814, 33.76134301060479 ], [ -112.203540794361203, 33.761311173193612 ], [ -112.20354689332197, 33.751200851318067 ], [ -112.203583243140812, 33.751230046239336 ], [ -112.203571001449248, 33.749844123951469 ], [ -112.203569893101317, 33.749773197033946 ], [ -112.203567305004512, 33.749702292489069 ], [ -112.203563232941136, 33.749631439179495 ], [ -112.203566145469097, 33.749558625672314 ], [ -112.203563122685793, 33.749488780676593 ], [ -112.203557733078696, 33.74940766239262 ], [ -112.203553687104801, 33.749357277461804 ], [ -112.203547651872626, 33.7492987948917 ], [ -112.203540627229131, 33.749238152453913 ], [ -112.203528265929194, 33.749153768344904 ], [ -112.203501035930245, 33.749100705266102 ], [ -112.20347992169134, 33.749009067844135 ], [ -112.203461226934863, 33.748935436234397 ], [ -112.203441639683788, 33.748864431408435 ], [ -112.203417619409009, 33.748784315744103 ], [ -112.203366306802806, 33.74862226975376 ], [ -112.203364855706752, 33.746796019722396 ], [ -112.203360101026036, 33.74314923883216 ], [ -112.203355344778942, 33.739501840863127 ], [ -112.203511897457744, 33.739502504260649 ], [ -112.203478281482177, 33.732494916490417 ], [ -112.203440840656938, 33.724984539355198 ], [ -112.203402695795461, 33.72498394086017 ], [ -112.20338153727424, 33.719537232302059 ], [ -112.203376048534068, 33.71812725619013 ], [ -112.203351832901902, 33.712281963912929 ], [ -112.203348293782469, 33.711001328267763 ], [ -112.203315511890054, 33.711001404344287 ], [ -112.203322568402655, 33.712051365755563 ], [ -112.20291428805227, 33.712054664984471 ], [ -112.202915930763851, 33.710905361984565 ], [ -112.202918706769978, 33.710714164074979 ], [ -112.202919263813428, 33.709846359669463 ], [ -112.202916213235994, 33.709577251099347 ], [ -112.202910811492615, 33.708605933571114 ], [ -112.202903578562967, 33.706798614528267 ], [ -112.20290421658764, 33.705632787250934 ], [ -112.202896836501949, 33.705018766506107 ], [ -112.20289902524901, 33.704051738806392 ], [ -112.20289268556418, 33.702564741234283 ], [ -112.202889561250473, 33.701419368837385 ], [ -112.202889057493636, 33.701234612486118 ], [ -112.202883072146079, 33.698937834263042 ], [ -112.202878311560838, 33.697851207318898 ], [ -112.195361744471356, 33.697905278344777 ], [ -112.186908061958349, 33.697989450545506 ], [ -112.179947406667409, 33.698025344081444 ], [ -112.178764574453666, 33.698031597299334 ], [ -112.17878472663466, 33.697986260456716 ], [ -112.178955413507992, 33.697920722477512 ], [ -112.178954960036435, 33.697849587715588 ], [ -112.178756143791574, 33.697512767277736 ], [ -112.178697146387407, 33.697536287842404 ], [ -112.17864586414737, 33.697555593880971 ], [ -112.178594925918347, 33.697573807256198 ], [ -112.178552473519019, 33.697588305808921 ], [ -112.178502532291816, 33.697604483784694 ], [ -112.178463156978921, 33.697616687367159 ], [ -112.178405020927627, 33.697607702852181 ], [ -112.178367362688661, 33.697644021325758 ], [ -112.178307082040462, 33.697659566516194 ], [ -112.178263864454763, 33.697670057800593 ], [ -112.178213629254614, 33.69768145657136 ], [ -112.178172638295194, 33.697690219132305 ], [ -112.178123391628958, 33.697699983765702 ], [ -112.178073951844468, 33.69770903106506 ], [ -112.178014223666366, 33.697695446750068 ], [ -112.177947140146117, 33.697729061938396 ], [ -112.177872763095095, 33.697739083390218 ], [ -112.177810715801897, 33.697746582034519 ], [ -112.17773109322151, 33.697754937396887 ], [ -112.177653120906854, 33.697761808692796 ], [ -112.177594614310479, 33.697766210654876 ], [ -112.177529663289391, 33.697770223153277 ], [ -112.177448124564449, 33.697749208933011 ], [ -112.177375299170819, 33.697755832052586 ], [ -112.175857115408434, 33.697798351414036 ], [ -112.17268582346135, 33.697816901660062 ], [ -112.171875116889055, 33.69780014085196 ], [ -112.171541021636244, 33.697791701188343 ], [ -112.170758816799491, 33.69777575066928 ], [ -112.169692499143011, 33.697780821668445 ], [ -112.169692638615359, 33.697828402102459 ], [ -112.169511796843381, 33.697828255676036 ], [ -112.169334168387877, 33.690882533343228 ], [ -112.169403623124921, 33.683566492769593 ], [ -112.16937109775175, 33.681691121421473 ], [ -112.169439698388558, 33.681690326513085 ], [ -112.169407975445054, 33.679879031585884 ], [ -112.169376185835006, 33.678063945652198 ], [ -112.169312209102301, 33.67806464811256 ], [ -112.169270226830832, 33.676313055187435 ], [ -112.169159546072876, 33.670279775034089 ], [ -112.16935050192609, 33.670278594032652 ], [ -112.169473192266722, 33.670278343145277 ], [ -112.169433446257329, 33.669000592706823 ], [ -112.169368913555743, 33.667057615890606 ], [ -112.169192687938917, 33.661751182261099 ], [ -112.168956622723016, 33.654501609799972 ], [ -112.169084744428943, 33.647229756148015 ], [ -112.169173625201395, 33.642789332228695 ], [ -112.169241257219298, 33.639184317742099 ], [ -112.169353942264479, 33.639180209435906 ], [ -112.169353859571601, 33.639012390622085 ], [ -112.169333364445535, 33.638850626757758 ], [ -112.169250808858763, 33.638851482490708 ], [ -112.168428969893114, 33.632377426591873 ], [ -112.168490635761245, 33.625218280081945 ], [ -112.16855838618649, 33.618009682223828 ], [ -112.168623399497193, 33.610797326959158 ], [ -112.168706771131397, 33.60360066554086 ], [ -112.168790301588359, 33.596392733462473 ], [ -112.168802913842057, 33.595302020999384 ], [ -112.168669565899862, 33.595275182826548 ], [ -112.168092820504583, 33.595174498139414 ], [ -112.168064352107535, 33.59516928748323 ], [ -112.168003888740884, 33.595156605596245 ], [ -112.167947007352893, 33.595142617088307 ], [ -112.167879480480579, 33.595123318549824 ], [ -112.167807858089404, 33.595099500965198 ], [ -112.167746645546032, 33.595076256421109 ], [ -112.167654212371161, 33.595035714284379 ], [ -112.16758130738441, 33.594998676972999 ], [ -112.16748312778752, 33.594940817924872 ], [ -112.167403663313081, 33.594886227325681 ], [ -112.167330432881172, 33.594828603426585 ], [ -112.16726338828353, 33.594768416110128 ], [ -112.167195891211293, 33.594698897311609 ], [ -112.167135726418664, 33.59462720231231 ], [ -112.167096756720724, 33.594574370759418 ], [ -112.167070713557891, 33.594535482723124 ], [ -112.167036223411785, 33.594478366330364 ], [ -112.167016754047069, 33.5944425586355 ], [ -112.166997060445283, 33.594402970657413 ], [ -112.16696741268332, 33.594334757421151 ], [ -112.166943095554956, 33.594267090631547 ], [ -112.16692498185985, 33.594204851110142 ], [ -112.166909299141324, 33.594134863964413 ], [ -112.16689442137934, 33.594056324580201 ], [ -112.166879655268502, 33.593978382779611 ], [ -112.166867206457567, 33.593912656725962 ], [ -112.166838329647149, 33.593760203571165 ], [ -112.166812567920928, 33.593624219560738 ], [ -112.166787773408601, 33.593493323556608 ], [ -112.166773261290288, 33.59341671029506 ], [ -112.166762039800176, 33.593362173366181 ], [ -112.166745834213373, 33.593295336806186 ], [ -112.166726939003127, 33.593228736508237 ], [ -112.166703534650921, 33.593157229371876 ], [ -112.166678726464468, 33.593090580600723 ], [ -112.166649930659503, 33.593021650520349 ], [ -112.166619786751667, 33.592956727506142 ], [ -112.166589263005278, 33.592896815873829 ], [ -112.16656515719221, 33.592852866295559 ], [ -112.166540156835069, 33.592809930201007 ], [ -112.166513127854174, 33.592763676416524 ], [ -112.166488500634259, 33.592728319060171 ], [ -112.166462833400857, 33.592688363438512 ], [ -112.166432430183249, 33.592648519260464 ], [ -112.166405497641094, 33.592612887019925 ], [ -112.166365539519091, 33.592564295096317 ], [ -112.166325258062571, 33.592515275514749 ], [ -112.165997561988789, 33.592140057441583 ], [ -112.165786574313344, 33.591898564939214 ], [ -112.165314955705441, 33.591358845822519 ], [ -112.164957822332127, 33.590949500536745 ], [ -112.164413576874722, 33.590297992867335 ], [ -112.164268940306926, 33.590122877111412 ], [ -112.164077545316857, 33.589893605209426 ], [ -112.163990513632285, 33.589785780683229 ], [ -112.163911552088351, 33.589697714674223 ], [ -112.163875477842907, 33.589662862044257 ], [ -112.163832484736517, 33.589621225471284 ], [ -112.163775522174689, 33.589574609760675 ], [ -112.163716566979062, 33.589529666106301 ], [ -112.16366560925465, 33.589493049689182 ], [ -112.163604675300675, 33.58945311785137 ], [ -112.163536768022738, 33.589414869803335 ], [ -112.16348383761833, 33.589385769127453 ], [ -112.163449891686426, 33.589369146765691 ], [ -112.163404965177477, 33.58934837422413 ], [ -112.163355175974218, 33.589328935023929 ], [ -112.163159374266456, 33.589246230141356 ], [ -112.162883806851767, 33.589132632587592 ], [ -112.162569448380424, 33.589005403290983 ], [ -112.162312901341863, 33.588898269563757 ], [ -112.162099284260918, 33.588811074636453 ], [ -112.161966517774673, 33.588756261570182 ], [ -112.161847731684503, 33.588707263537671 ], [ -112.16174291840143, 33.588664080594434 ], [ -112.161665053568569, 33.588630857349727 ], [ -112.161563055259293, 33.588586780526605 ], [ -112.161466410014498, 33.588548638696963 ], [ -112.161366588042867, 33.588507946814758 ], [ -112.161264319566087, 33.588464617769468 ], [ -112.161153961285322, 33.588418244325794 ], [ -112.16104415433847, 33.588371730835782 ], [ -112.160765611511366, 33.588242104370138 ], [ -112.160653781351385, 33.588184747329578 ], [ -112.160518982257642, 33.588114084297224 ], [ -112.16025436894077, 33.587974414277596 ], [ -112.160098577387203, 33.587887365323361 ], [ -112.159952203738825, 33.587787026750213 ], [ -112.159843851463975, 33.587713202891742 ], [ -112.159434767970524, 33.587424959495657 ], [ -112.159297417599788, 33.587328848439341 ], [ -112.159145546001099, 33.587223907591344 ], [ -112.158956927430935, 33.587090434553417 ], [ -112.15743513443158, 33.584933917095647 ], [ -112.157297064825414, 33.584755003070498 ], [ -112.157139655451061, 33.58457985400829 ], [ -112.156971803846318, 33.584418535134688 ], [ -112.156790425998153, 33.584267286980186 ], [ -112.156591383415815, 33.584123578380726 ], [ -112.156485164676511, 33.584055015894592 ], [ -112.156383114385036, 33.583993915654247 ], [ -112.15625755947994, 33.583924625799895 ], [ -112.156104222679488, 33.583848150890717 ], [ -112.155959623652549, 33.58378357909497 ], [ -112.155826613077153, 33.583730202526638 ], [ -112.154429592564938, 33.583163953684 ], [ -112.153599090873556, 33.582827303073657 ], [ -112.15277131769939, 33.582491751617859 ], [ -112.152492993706559, 33.582376827635969 ], [ -112.152379345394706, 33.582322715247443 ], [ -112.15229595026122, 33.582279524908849 ], [ -112.15220077925585, 33.58222638074276 ], [ -112.151918868997711, 33.582051321155966 ], [ -112.151718271231033, 33.58192516419598 ], [ -112.151661263357539, 33.581887766189709 ], [ -112.151709555659735, 33.574782766411346 ], [ -112.151759179300058, 33.567581592492346 ], [ -112.151730224098628, 33.560373869840902 ], [ -112.151700126449143, 33.553177375928911 ], [ -112.151698843656916, 33.553112886327803 ], [ -112.134267626760888, 33.553099099916828 ], [ -112.134243205242981, 33.560310982715038 ], [ -112.114660837707689, 33.560321446354202 ], [ -112.114785228734391, 33.560522293949639 ], [ -112.115504245476416, 33.561683228227061 ], [ -112.115774993148307, 33.562174859733865 ], [ -112.116141583675216, 33.562925012005003 ], [ -112.116549830006647, 33.563929753690282 ], [ -112.116671744399184, 33.56428509402226 ], [ -112.116911846079589, 33.565067546134806 ], [ -112.11690458645289, 33.566472091195941 ], [ -112.116899040585409, 33.567545408195834 ], [ -112.116889461302051, 33.569269892279273 ], [ -112.116888459385422, 33.569449933708796 ], [ -112.116880274602806, 33.570923750998254 ], [ -112.116879627399641, 33.57104001493196 ], [ -112.116878679033519, 33.571211066453408 ], [ -112.116877368225872, 33.571446757434842 ], [ -112.116858532900949, 33.574832775135732 ], [ -112.116850836776067, 33.57612792670885 ], [ -112.116839068112512, 33.57810884462365 ], [ -112.116829415240062, 33.579733394402872 ], [ -112.116816110546267, 33.58197221590892 ], [ -112.116807306793888, 33.583111272492154 ], [ -112.116791995225455, 33.585092380547827 ], [ -112.116760307609823, 33.589192388421623 ], [ -112.116753016660738, 33.590018306047597 ], [ -112.116721981881867, 33.593533113778221 ], [ -112.116696548905679, 33.596413448105238 ], [ -112.116643190809327, 33.600804244816359 ], [ -112.116608666535626, 33.603628681039517 ], [ -112.116562987974788, 33.607389556050038 ], [ -112.11654814382932, 33.608604501005694 ], [ -112.116531557362393, 33.609968175552162 ], [ -112.116519959786999, 33.610974977221524 ], [ -112.11651809001286, 33.61124347057094 ], [ -112.116516671118461, 33.611447238159094 ], [ -112.116507518749899, 33.612760501789261 ], [ -112.116499159408178, 33.613960762240097 ], [ -112.116492963572682, 33.614849841673795 ], [ -112.116469768503805, 33.618178930711899 ], [ -112.116465497536879, 33.618799177410445 ], [ -112.116461336214883, 33.619402971005442 ], [ -112.116456834305893, 33.620055810797972 ], [ -112.116422575915664, 33.625024659253683 ], [ -112.116420859800925, 33.62527349614939 ], [ -112.116417646161864, 33.625505339797911 ], [ -112.116375333869968, 33.628558469690546 ], [ -112.116320394961065, 33.632522247953169 ], [ -112.116246550929148, 33.63252396671664 ], [ -112.115751570024855, 33.639894988505318 ], [ -112.113678950050968, 33.639926368133096 ], [ -112.112838771977763, 33.639939082101513 ], [ -112.112531812129291, 33.639943718196953 ], [ -112.111875720030582, 33.639953674134595 ], [ -112.111026985377308, 33.639966449713306 ], [ -112.1101270728592, 33.639980093018657 ], [ -112.109635485183503, 33.639987539834337 ], [ -112.109044089823428, 33.639996376207364 ], [ -112.108570751101468, 33.640003614571718 ], [ -112.106260929343392, 33.64003809877476 ], [ -112.105773096291372, 33.640045336931699 ], [ -112.104663067053991, 33.640061919762779 ], [ -112.104052874971572, 33.640071006097045 ], [ -112.103363240316824, 33.640081294103133 ], [ -112.101870063859266, 33.640103503470144 ], [ -112.10042269843386, 33.640125029830976 ], [ -112.099699006452951, 33.640135879093933 ], [ -112.09969968375448, 33.64031639108871 ], [ -112.099700690232154, 33.640589810001515 ], [ -112.099701779712888, 33.640870354695046 ], [ -112.099701960931654, 33.64089333444538 ], [ -112.099702514077578, 33.641035029613136 ], [ -112.099706273373513, 33.641998548195005 ], [ -112.09971349771827, 33.643850538297514 ], [ -112.099718690730569, 33.645191272251651 ], [ -112.0997240574942, 33.646583921191713 ], [ -112.099725984096253, 33.647421304121046 ], [ -112.099730989308128, 33.648322088795751 ], [ -112.099740751197302, 33.651087703815612 ], [ -112.099744170003021, 33.651662627436956 ], [ -112.099745758105158, 33.652074069116019 ], [ -112.099746303101426, 33.652470995416614 ], [ -112.09974768564625, 33.652818433168257 ], [ -112.099754044745779, 33.654162687173596 ], [ -112.099756262400689, 33.654724206254159 ], [ -112.099760421871594, 33.65596029065032 ], [ -112.099763949114063, 33.65704540103475 ], [ -112.09976879663202, 33.658347546579847 ], [ -112.09977268578281, 33.659392097109517 ], [ -112.099778310812496, 33.660773990955278 ], [ -112.099790348576462, 33.663126912155256 ], [ -112.099793244682331, 33.663496304506097 ], [ -112.099818022026454, 33.667074016952327 ], [ -112.099820385613, 33.667415356247467 ], [ -112.099832969342557, 33.66923183570735 ], [ -112.097755856609623, 33.669227209637349 ], [ -112.087204366416287, 33.66920232403298 ], [ -112.083767136162237, 33.669194780382817 ], [ -112.08309303979901, 33.669193285127292 ], [ -112.08152646384336, 33.669200634073256 ], [ -112.074152868490714, 33.669244965103239 ], [ -112.071516020062504, 33.669264974875375 ], [ -112.070287739761156, 33.669274277258289 ], [ -112.070115170883895, 33.669275612393861 ], [ -112.065626835488132, 33.669309438924905 ], [ -112.065638241895016, 33.67293254260624 ], [ -112.065653549670685, 33.684785512404936 ], [ -112.065669543858235, 33.687234146353283 ], [ -112.065694831780618, 33.691089608117487 ], [ -112.06571243804872, 33.698336295362949 ], [ -112.065712832109426, 33.701970371230026 ], [ -112.065935405536777, 33.702139992218697 ], [ -112.065982817951436, 33.702172298346035 ], [ -112.068222611114592, 33.703600441913458 ], [ -112.069470658851827, 33.704399396032763 ], [ -112.070136340130873, 33.704813361301277 ], [ -112.073934444018576, 33.707169725803148 ], [ -112.076407525431463, 33.708701872602596 ], [ -112.076612571602027, 33.70883044046176 ], [ -112.076863884410983, 33.708997223567913 ], [ -112.07711442296231, 33.709157883069437 ], [ -112.077247949066418, 33.709247990344309 ], [ -112.077365393526861, 33.7093269792542 ], [ -112.077509253830328, 33.709433977170249 ], [ -112.077636954715402, 33.709529802734899 ], [ -112.077748455022487, 33.709614424494411 ], [ -112.077869885767228, 33.709712440014165 ], [ -112.077991408123879, 33.709813720213042 ], [ -112.078110795711126, 33.70991675861724 ], [ -112.078228011787601, 33.710021523722745 ], [ -112.078345209275255, 33.710129458984539 ], [ -112.078535723204098, 33.710314102594701 ], [ -112.079225873954641, 33.710962015455586 ], [ -112.079491867829006, 33.711220853380155 ], [ -112.08128048943216, 33.712968474716462 ], [ -112.082649839286091, 33.714257743699363 ], [ -112.082622499655912, 33.713622629965236 ], [ -112.082605883265032, 33.713236823020708 ], [ -112.082603167256366, 33.713173814020891 ], [ -112.083687824284581, 33.71316298389803 ], [ -112.083686048437684, 33.713121775838239 ], [ -112.084770687371346, 33.713110936232383 ], [ -112.084843797792288, 33.714807474870597 ], [ -112.085937773977435, 33.714804655092422 ], [ -112.085870331344978, 33.713099937611872 ], [ -112.086954594187972, 33.713089082951946 ], [ -112.086958189072107, 33.713183051906952 ], [ -112.0880429510525, 33.713181868147792 ], [ -112.088038986182269, 33.713078216792411 ], [ -112.088038250996064, 33.713058985363716 ], [ -112.089122806430211, 33.713048110365129 ], [ -112.089223273161267, 33.715672626134698 ], [ -112.089257917579374, 33.716577630327428 ], [ -112.087088880616292, 33.71659937411701 ], [ -112.087123441645659, 33.717502785690513 ], [ -112.089292591084188, 33.717483305171775 ], [ -112.089327237093059, 33.71838833432129 ], [ -112.089868990478337, 33.718383464236958 ], [ -112.089838581593327, 33.71736570993064 ], [ -112.090869495665018, 33.717360689679808 ], [ -112.09090432109484, 33.718374148279608 ], [ -112.09149641460165, 33.718368815024135 ], [ -112.091392350824208, 33.715651897083568 ], [ -112.090157385815345, 33.715663248667241 ], [ -112.090122728968709, 33.714758161673231 ], [ -112.091357616311853, 33.714745755623113 ], [ -112.0912924461106, 33.713043394102733 ], [ -112.092439314188894, 33.713026810672496 ], [ -112.092495643349295, 33.714730688109029 ], [ -112.094775773380945, 33.714705734567389 ], [ -112.094753997897982, 33.713798305759909 ], [ -112.095899917644218, 33.713786103381651 ], [ -112.095909488252389, 33.714243818021252 ], [ -112.096008137371797, 33.714242699232926 ], [ -112.096017701177573, 33.71469683604608 ], [ -112.095919044110161, 33.714694379766492 ], [ -112.095957297305915, 33.716510932123718 ], [ -112.097095885249914, 33.716497989870049 ], [ -112.097119858259816, 33.718314704611821 ], [ -112.099784818343224, 33.718284371808913 ], [ -112.099785810618869, 33.719196430960707 ], [ -112.099910350946118, 33.719195011880579 ], [ -112.099914197679283, 33.720103089434112 ], [ -112.099793144887585, 33.72010419317823 ], [ -112.098913492978454, 33.720108634772586 ], [ -112.098924046665573, 33.72101743990347 ], [ -112.099797157857566, 33.721009285861008 ], [ -112.099817785640283, 33.723793611229176 ], [ -112.099822942082142, 33.724603251945702 ], [ -112.099823268249224, 33.724654699280258 ], [ -112.099820776119884, 33.724718445829595 ], [ -112.099817823782445, 33.724768737588782 ], [ -112.09981454063022, 33.724811626308004 ], [ -112.099810528253883, 33.724858179552683 ], [ -112.099806308341087, 33.724899994881568 ], [ -112.099801797494735, 33.724939467227166 ], [ -112.099797273927237, 33.72497904869207 ], [ -112.099790607233018, 33.725025702348297 ], [ -112.099783624937658, 33.72507059372667 ], [ -112.099774712856131, 33.725122411812102 ], [ -112.099764269642222, 33.725176301476026 ], [ -112.09975335913785, 33.725230172896545 ], [ -112.099743876052287, 33.725272776860656 ], [ -112.099733748599945, 33.72531632671852 ], [ -112.099720536454925, 33.725368702987943 ], [ -112.099705063221364, 33.725430036990993 ], [ -112.099673370850823, 33.725555663539382 ], [ -112.099666069518875, 33.72557688049698 ], [ -112.099879624167301, 33.725576764042309 ], [ -112.099812066634811, 33.725822288842977 ], [ -112.100635509185821, 33.725815829932117 ], [ -112.101088277161693, 33.725812161137945 ], [ -112.101411475654032, 33.725809542955844 ], [ -112.105225683115108, 33.725782146641386 ], [ -112.106167247951916, 33.725774480421762 ], [ -112.110476694288252, 33.725739310234069 ], [ -112.113927338710212, 33.725707460740146 ], [ -112.119461789982452, 33.725652633935724 ], [ -112.119676075109211, 33.725650173801064 ], [ -112.120309925619253, 33.725649696496468 ], [ -112.121841656542856, 33.732884999777163 ], [ -112.12182162718338, 33.732884551568823 ], [ -112.12306932080088, 33.738830723011205 ], [ -112.123344287510491, 33.740140940147299 ], [ -112.123312184063323, 33.740135175485065 ], [ -112.124736450857554, 33.746582618408524 ], [ -112.124913713922993, 33.747384994647838 ], [ -112.124885244084865, 33.747385070616872 ], [ -112.125449029714844, 33.750025351917415 ], [ -112.125998081817116, 33.752596806725307 ], [ -112.126436609022747, 33.754650585655249 ], [ -112.126280458400458, 33.754658680867053 ], [ -112.126610165679082, 33.756220400983359 ], [ -112.12715891664881, 33.758819421896114 ], [ -112.127668870248655, 33.761234578921453 ], [ -112.128219876537102, 33.76383410746498 ], [ -112.128760331189142, 33.766380184277303 ], [ -112.129321668639847, 33.76902448195586 ], [ -112.129360975184056, 33.769209629958006 ], [ -112.129311880482959, 33.769211858683335 ], [ -112.129799105859249, 33.771513718441241 ], [ -112.130461771394081, 33.774644067483649 ], [ -112.130973909515419, 33.777063264218825 ], [ -112.131585003269834, 33.779948753910638 ], [ -112.134919635943447, 33.795897839004311 ], [ -112.135639788030318, 33.798241612251559 ], [ -112.136642518824758, 33.802986552225903 ], [ -112.137176160379639, 33.805511346981227 ], [ -112.137426502985576, 33.806683422110389 ], [ -112.137970848354897, 33.808764210020307 ], [ -112.138440065836321, 33.810286510193734 ], [ -112.138885926969934, 33.81177722409943 ], [ -112.139220284558945, 33.812803008597321 ], [ -112.139220004266761, 33.812806558884461 ], [ -112.139453117386964, 33.812805872974849 ], [ -112.139801773674677, 33.813799311270699 ], [ -112.141059567247922, 33.817278833110962 ], [ -112.141580949536916, 33.818436429358748 ], [ -112.142270739115801, 33.819583178590605 ], [ -112.142280248556418, 33.81960948833391 ], [ -112.14236585324241, 33.819846280457213 ], [ -112.142452880510518, 33.82039608592445 ], [ -112.142579963323726, 33.82119898539883 ], [ -112.142865895074124, 33.822275202921489 ], [ -112.143758618032095, 33.82474511806317 ], [ -112.144083834979682, 33.82569977038397 ], [ -112.144353177636319, 33.826583221935444 ], [ -112.14453619527275, 33.827262038287223 ], [ -112.144636629866127, 33.82766285703169 ], [ -112.146134414313991, 33.827663526112119 ], [ -112.146123582031564, 33.827647117413626 ], [ -112.146113807559558, 33.82763439987955 ], [ -112.14610484551136, 33.827621275093406 ], [ -112.146096674404561, 33.827610621142746 ], [ -112.146091774771392, 33.827600832995017 ], [ -112.146085652122039, 33.827586979806483 ], [ -112.146081768188452, 33.827577656820317 ], [ -112.146076875300054, 33.827563111585917 ], [ -112.146069308471112, 33.827536003310307 ], [ -112.146064399874405, 33.827501011524447 ], [ -112.146088322966264, 33.826838750070429 ], [ -112.14609688357784, 33.826557210207433 ], [ -112.146095784760462, 33.826301130896155 ], [ -112.146084754866536, 33.825999510870815 ], [ -112.146059039248229, 33.825679773458717 ], [ -112.145651480707357, 33.821313107106924 ], [ -112.14563454219693, 33.821144975471675 ], [ -112.145595891158436, 33.820908258135169 ], [ -112.145547704640393, 33.820677564330502 ], [ -112.1467206537625, 33.820417346526462 ], [ -112.146915542380356, 33.82099860333561 ], [ -112.146937451538676, 33.820994621341534 ], [ -112.148450628652114, 33.82126900474902 ], [ -112.148536862571035, 33.821352564882787 ], [ -112.148574886610135, 33.821380733806109 ], [ -112.149157985550389, 33.821715403984811 ], [ -112.149350470111116, 33.821894035489208 ], [ -112.149496797265087, 33.821986274387747 ], [ -112.149716852570251, 33.822051582342645 ], [ -112.149737954452576, 33.822037881647354 ], [ -112.149822518922505, 33.822071186348602 ], [ -112.14989745082022, 33.822119319623376 ], [ -112.149957936438014, 33.822180702798235 ], [ -112.150000604788517, 33.822244418847177 ], [ -112.150792480172683, 33.82261614126724 ], [ -112.152276127125759, 33.822342221952219 ], [ -112.152277787027643, 33.827660685960616 ], [ -112.152274567492839, 33.834913770131159 ], [ -112.152256813231986, 33.842154902448449 ], [ -112.152253671620358, 33.849408875573452 ], [ -112.152249377486925, 33.853033047867207 ], [ -112.15224508625576, 33.8566553101561 ], [ -112.152221890366803, 33.863913067085811 ], [ -112.145871754031219, 33.863922181036735 ], [ -112.146032048674698, 33.865247612486201 ], [ -112.146098001659553, 33.865792962033069 ], [ -112.146193500110357, 33.866582562576397 ], [ -112.146333458162118, 33.867879517508364 ], [ -112.146528315104206, 33.869192963365229 ], [ -112.146820781760823, 33.869721750176808 ], [ -112.147278749556818, 33.870226322454492 ], [ -112.147604267818622, 33.870588251508302 ], [ -112.147604254133114, 33.870732481994423 ], [ -112.147604208620194, 33.871165522374461 ], [ -112.147573066176577, 33.871345983066824 ], [ -112.147573375084804, 33.871510882068684 ], [ -112.146991915663506, 33.873759481499377 ], [ -112.147491776382935, 33.878114522471314 ], [ -112.152006747493886, 33.878108593920274 ], [ -112.152012407712675, 33.881189476669782 ], [ -112.147844923376169, 33.88119103333937 ], [ -112.146837682287909, 33.881204428236799 ], [ -112.146820038206968, 33.881043969966811 ], [ -112.146827131679046, 33.880913428660151 ], [ -112.146542676761158, 33.8784205511122 ], [ -112.143465540636655, 33.878417588066291 ], [ -112.143479917322111, 33.881591193499929 ], [ -112.143479680059926, 33.881758099401345 ], [ -112.143478284275318, 33.883859615165434 ], [ -112.143091456408982, 33.883865342383693 ], [ -112.143091854147627, 33.883932421551719 ], [ -112.145277006018262, 33.883924861468458 ], [ -112.145273792061943, 33.885661269726739 ], [ -112.143515772532737, 33.885660987127181 ], [ -112.14352474051708, 33.889065278491856 ], [ -112.143526516193361, 33.889739707193534 ], [ -112.143557050702839, 33.900089517590615 ], [ -112.145589977216233, 33.900087257012622 ], [ -112.145558902576084, 33.899532465791417 ], [ -112.146458904519818, 33.896562407738926 ], [ -112.146769138098136, 33.892916935853492 ], [ -112.147759634968637, 33.892918643451516 ], [ -112.152262958024053, 33.892910039593943 ], [ -112.157509569634058, 33.892926833353634 ], [ -112.160927459849603, 33.892937651351772 ], [ -112.160936751820401, 33.896573444892297 ], [ -112.160946044688586, 33.900209310216901 ], [ -112.152256134396978, 33.900206664976118 ], [ -112.152254586472878, 33.90093218686259 ], [ -112.152243156846865, 33.907460302766673 ], [ -112.147890840185937, 33.907458067980834 ], [ -112.147889469601964, 33.908323748323483 ], [ -112.147885098404771, 33.91108455878566 ], [ -112.146163965620886, 33.911083199123674 ], [ -112.145717139421876, 33.911084825173269 ], [ -112.145716961977726, 33.91470878534853 ] ], [ [ -112.148124689003211, 33.885661674674118 ], [ -112.14712005204639, 33.885661540764325 ], [ -112.147097948352965, 33.884747236251897 ], [ -112.147064128275716, 33.88392530895166 ], [ -112.147061285264243, 33.883856606923096 ], [ -112.146996706354258, 33.882828573450233 ], [ -112.14799972108564, 33.882820741928583 ], [ -112.150131892358274, 33.882816954185863 ], [ -112.150132548939425, 33.883751396462401 ], [ -112.150574791444512, 33.883750956284565 ], [ -112.150574309661124, 33.884702225084951 ], [ -112.148099579164978, 33.884701013913265 ], [ -112.148124689003211, 33.885661674674118 ] ], [ [ -112.08422715651534, 33.712896487690116 ], [ -112.083683350594683, 33.712901923633233 ], [ -112.083683438007569, 33.71286069411741 ], [ -112.082773880295051, 33.712869774965732 ], [ -112.082772660653163, 33.712333832272691 ], [ -112.082726625419198, 33.712334291801767 ], [ -112.082725597061454, 33.711883550471178 ], [ -112.082593769030936, 33.711884862814351 ], [ -112.082593601677644, 33.711819726060767 ], [ -112.08259205794748, 33.711212276479408 ], [ -112.082587435681319, 33.709393320320423 ], [ -112.082582853017414, 33.707591404998965 ], [ -112.083694687681515, 33.707577940729273 ], [ -112.08369084409064, 33.709382230625032 ], [ -112.08479153667723, 33.709371148295176 ], [ -112.084816999291817, 33.705754950881818 ], [ -112.08593545685126, 33.705741630585962 ], [ -112.087053917251595, 33.705728297455487 ], [ -112.088172372951107, 33.705714956910754 ], [ -112.088138031475623, 33.707518959657129 ], [ -112.089272853461608, 33.707503871431463 ], [ -112.090357530237696, 33.707489440197939 ], [ -112.090305322587156, 33.709315495681935 ], [ -112.091407992902816, 33.709304335389504 ], [ -112.091438060131452, 33.708389320041711 ], [ -112.093686393939734, 33.708362272382878 ], [ -112.093706655274872, 33.707457488980957 ], [ -112.093726901544571, 33.706545548968116 ], [ -112.094843510200647, 33.706532321070497 ], [ -112.094857560675919, 33.705720283119923 ], [ -112.095970131368958, 33.70570610593856 ], [ -112.095960123867016, 33.706519085778254 ], [ -112.096859933494912, 33.706511994188524 ], [ -112.098193575511544, 33.706492587291862 ], [ -112.098191399426156, 33.707403866636206 ], [ -112.098189237684679, 33.708296835766177 ], [ -112.098189210459807, 33.708307997485313 ], [ -112.097626348025713, 33.708314822959913 ], [ -112.097626347942509, 33.708314783286866 ], [ -112.097630444251806, 33.707475712712331 ], [ -112.097069661579866, 33.707482419886915 ], [ -112.097070166298579, 33.707413701642167 ], [ -112.095948943562064, 33.707427115975477 ], [ -112.09592658345953, 33.709243175966733 ], [ -112.097056806414628, 33.709229432170993 ], [ -112.097704745259307, 33.709222166340915 ], [ -112.098196912395579, 33.709216645422167 ], [ -112.098195151490145, 33.709848829556158 ], [ -112.09705214894899, 33.709862628590926 ], [ -112.095665406867028, 33.709879357349507 ], [ -112.094376919818345, 33.709894887809085 ], [ -112.09365203682556, 33.709902977706342 ], [ -112.091493305247127, 33.709928535614111 ], [ -112.091387350934724, 33.70992614644188 ], [ -112.090287436721098, 33.709941037374705 ], [ -112.08921925283579, 33.709952009670587 ], [ -112.08919347223376, 33.711129457904804 ], [ -112.090253801352901, 33.711117477066651 ], [ -112.090204953351915, 33.712836607652875 ], [ -112.089120077088367, 33.712847496203054 ], [ -112.086954725518524, 33.712869202586312 ], [ -112.086077520007464, 33.712877985444059 ], [ -112.084770062561631, 33.712891061397599 ], [ -112.0847702399995, 33.712850895720493 ], [ -112.084227464194683, 33.712854922457261 ], [ -112.08422715651534, 33.712896487690116 ] ], [ [ -112.082403357887046, 33.707589238507786 ], [ -112.082407499024967, 33.70939970670463 ], [ -112.080494224092391, 33.709377126005272 ], [ -112.080497277609382, 33.707566422713185 ], [ -112.082403357887046, 33.707589238507786 ] ], [ [ -112.076637712552696, 33.700160838868008 ], [ -112.076625337128604, 33.701085238954882 ], [ -112.076612957160734, 33.702009636203421 ], [ -112.075527854946102, 33.702004839145744 ], [ -112.074442749569684, 33.702000028954444 ], [ -112.07431075951466, 33.702001311002839 ], [ -112.074335642240669, 33.700159200624476 ], [ -112.076637712552696, 33.700160838868008 ] ] ] } }
]
}
